﻿com.samsung.shealth.tracker.oxygen_saturation,6261011,3
source,tag_id,com.samsung.health.oxygen_saturation.create_sh_ver,com.samsung.health.oxygen_saturation.start_time,com.samsung.health.oxygen_saturation.custom,com.samsung.health.oxygen_saturation.modify_sh_ver,com.samsung.health.oxygen_saturation.update_time,com.samsung.health.oxygen_saturation.create_time,com.samsung.health.oxygen_saturation.low_duration,com.samsung.health.oxygen_saturation.binning,com.samsung.health.oxygen_saturation.max,com.samsung.health.oxygen_saturation.min,com.samsung.health.oxygen_saturation.spo2,com.samsung.health.oxygen_saturation.time_offset,com.samsung.health.oxygen_saturation.deviceuuid,com.samsung.health.oxygen_saturation.comment,com.samsung.health.oxygen_saturation.pkg_name,com.samsung.health.oxygen_saturation.end_time,com.samsung.health.oxygen_saturation.datauuid,com.samsung.health.oxygen_saturation.heart_rate
,31301,62600630,2024-01-10 19:51:00.000,,62600630,2024-01-12 23:17:11.267,2024-01-10 21:35:23.441,0,41274349-aad1-4c28-be59-a74c63a4c8f6.com.samsung.health.oxygen_saturation.binning.json,98.0,93.0,94.0,UTC+0900,BuKJiQKCrf,,com.sec.android.app.shealth,2024-01-10 20:47:00.000,41274349-aad1-4c28-be59-a74c63a4c8f6,,
,31301,62600630,2024-01-12 14:27:00.000,,62600630,2024-01-13 21:38:03.678,2024-01-12 23:17:01.634,0,a291f12b-0464-4b75-81a0-03ea88abeefa.com.samsung.health.oxygen_saturation.binning.json,99.0,93.0,96.0,UTC+0900,BuKJiQKCrf,,com.sec.android.app.shealth,2024-01-12 22:25:00.000,a291f12b-0464-4b75-81a0-03ea88abeefa,,
,31301,62600630,2024-01-13 16:45:00.000,,62600630,2024-01-13 21:38:03.748,2024-01-13 21:38:01.692,0,4fbf3b8f-76fc-47de-ab9f-b806dd27b012.com.samsung.health.oxygen_saturation.binning.json,99.0,90.0,96.0,UTC+0900,BuKJiQKCrf,,com.sec.android.app.shealth,2024-01-13 21:17:00.000,4fbf3b8f-76fc-47de-ab9f-b806dd27b012,,
,31301,62600630,2024-01-14 18:07:00.000,,62600630,2024-01-15 22:44:34.200,2024-01-14 22:30:56.976,0,23337e2e-a2d0-4ecc-9edb-5564c93aae35.com.samsung.health.oxygen_saturation.binning.json,99.0,94.0,96.0,UTC+0900,BuKJiQKCrf,,com.sec.android.app.shealth,2024-01-14 21:44:00.000,23337e2e-a2d0-4ecc-9edb-5564c93aae35,,
,31301,62600630,2024-01-15 17:45:00.000,,62600630,2024-01-17 21:31:15.432,2024-01-15 22:44:37.284,0,d4e697ad-9faa-46d7-b8d1-73bb548ae686.com.samsung.health.oxygen_saturation.binning.json,98.0,92.0,95.0,UTC+0900,BuKJiQKCrf,,com.sec.android.app.shealth,2024-01-15 22:26:00.000,d4e697ad-9faa-46d7-b8d1-73bb548ae686,,
,31301,62600630,2024-01-16 17:32:00.000,,62600630,2024-01-18 22:39:10.596,2024-01-16 22:39:23.025,31,70e2496b-ae2b-415d-8605-657c428205bd.com.samsung.health.oxygen_saturation.binning.json,99.0,84.0,96.0,UTC+0900,BuKJiQKCrf,,com.sec.android.app.shealth,2024-01-16 21:49:00.000,70e2496b-ae2b-415d-8605-657c428205bd,,
,31301,62600630,2024-01-17 16:17:00.000,,62600630,2024-01-18 22:39:10.628,2024-01-17 21:28:43.049,0,363c3678-d6f1-47cc-bca8-46d5f128300d.com.samsung.health.oxygen_saturation.binning.json,99.0,92.0,95.0,UTC+0900,BuKJiQKCrf,,com.sec.android.app.shealth,2024-01-17 20:45:00.000,363c3678-d6f1-47cc-bca8-46d5f128300d,,
,31301,62600630,2024-01-18 17:48:00.000,,62600630,2024-01-20 18:42:31.885,2024-01-18 22:39:10.139,185,991144f6-dc7b-4c87-908b-b05c1048dece.com.samsung.health.oxygen_saturation.binning.json,99.0,86.0,94.0,UTC+0900,BuKJiQKCrf,,com.sec.android.app.shealth,2024-01-18 22:10:00.000,991144f6-dc7b-4c87-908b-b05c1048dece,,
,31301,62600630,2024-01-19 15:00:00.000,,62610110,2024-01-20 22:47:54.853,2024-01-19 21:29:04.456,0,0f3efb57-72cb-4125-a9d8-35ecd82270ac.com.samsung.health.oxygen_saturation.binning.json,100.0,91.0,95.0,UTC+0900,BuKJiQKCrf,,com.sec.android.app.shealth,2024-01-19 20:44:00.000,0f3efb57-72cb-4125-a9d8-35ecd82270ac,,
,31301,62600630,2024-01-20 16:18:00.000,,62610110,2024-01-21 21:28:34.347,2024-01-20 18:42:28.722,0,55c826c9-bf01-4291-a145-61fbf31b1347.com.samsung.health.oxygen_saturation.binning.json,100.0,92.0,95.0,UTC+0900,BuKJiQKCrf,,com.sec.android.app.shealth,2024-01-20 17:59:00.000,55c826c9-bf01-4291-a145-61fbf31b1347,,
,31301,62610110,2024-01-20 21:08:00.000,,62610110,2024-01-20 22:47:52.592,2024-01-20 22:47:52.592,0,ffdd3060-ea15-4613-8828-fab1f0fb9fb8.com.samsung.health.oxygen_saturation.binning.json,100.0,95.0,97.0,UTC+0900,BuKJiQKCrf,,com.sec.android.app.shealth,2024-01-20 21:55:00.000,ffdd3060-ea15-4613-8828-fab1f0fb9fb8,,
,31301,62610110,2024-01-21 15:49:00.000,,62610110,2024-01-22 23:15:00.448,2024-01-21 21:28:34.372,0,d990d7a1-a072-4aa4-9673-f797cd6bfd8b.com.samsung.health.oxygen_saturation.binning.json,100.0,95.0,97.0,UTC+0900,BuKJiQKCrf,,com.sec.android.app.shealth,2024-01-21 20:36:00.000,d990d7a1-a072-4aa4-9673-f797cd6bfd8b,,
,31301,62610110,2024-01-22 21:13:00.000,,62610110,2024-01-24 22:59:04.158,2024-01-22 23:14:58.908,0,8c5a7add-a850-427e-828a-9b53275d9626.com.samsung.health.oxygen_saturation.binning.json,98.0,91.0,94.0,UTC+0900,BuKJiQKCrf,,com.sec.android.app.shealth,2024-01-22 22:36:00.000,8c5a7add-a850-427e-828a-9b53275d9626,,
,31301,62610110,2024-01-23 15:44:00.000,,62610110,2024-01-24 22:59:01.356,2024-01-23 21:18:57.819,0,5fc49e21-f262-4c4e-8ec7-c2a860e7012c.com.samsung.health.oxygen_saturation.binning.json,99.0,92.0,96.0,UTC+0900,BuKJiQKCrf,,com.sec.android.app.shealth,2024-01-23 21:09:00.000,5fc49e21-f262-4c4e-8ec7-c2a860e7012c,,
,31301,62610110,2024-01-24 16:27:00.000,,62610110,2024-01-24 22:59:06.651,2024-01-24 22:59:01.549,0,7ba89dee-a696-433b-be61-0ba8f94c6c20.com.samsung.health.oxygen_saturation.binning.json,100.0,91.0,95.0,UTC+0900,BuKJiQKCrf,,com.sec.android.app.shealth,2024-01-24 22:10:00.000,7ba89dee-a696-433b-be61-0ba8f94c6c20,,
