﻿com.samsung.health.device_profile,6261011,7
manufacturer,providing_step_goal,create_sh_ver,step_source_group,device_type,backsync_step_goal,capability,modify_sh_ver,device_group,update_time,create_time,name,model,connectivity_type,deviceuuid,pkg_name,fixed_name,datauuid
Samsung,,,,,,,,360001,2023-06-01 13:45:37.746,2023-06-01 13:44:53.015,My Device,SM-A536N,,OMg2uvnOBU,com.sec.android.app.shealth,A53,4b497b47-7a32-5c63-2bae-6d6d7a68f038,
Combined,,,,,,,,0,2023-06-01 13:45:41.264,2023-06-01 13:45:41.264,Combined,Combined,,VfS0qUERdZ,com.sec.android.app.shealth,A53,7af9722c-cd99-07b7-853a-43ce58e819c5,
all_target,,,,,,,,0,2023-06-01 13:45:44.617,2023-06-01 13:45:44.617,all_target,all_target,,Mk66SbFqK1,com.sec.android.app.shealth,A53,471ca32b-a665-1e9e-7c27-7ac69485dc05,
Samsung Electronics,1,62600630,104,10055,1,00308546-4c50-4114-8e12-f68e7cce9daf.capability.json,62610110,360003,2024-01-20 22:34:04.250,2023-12-04 08:49:12.673,Galaxy Watch5,SM-R900,,BuKJiQKCrf,com.sec.android.app.shealth,,00308546-4c50-4114-8e12-f68e7cce9daf,
