[{
  "encodedId" : "228TQ4",
  "badgeType" : "DAILY_STEPS",
  "value" : 5000,
  "timesAchieved" : 10,
  "dateTime" : "2023-08-05",
  "name" : "Boat Shoe (일일 5,000걸음)",
  "shortName" : "Boat Shoe",
  "earnedMessage" : "첫 Boat Shoe 배지 획득을 축하합니다!",
  "description" : "일일 5,000걸음",
  "category" : "일일 걸음 수",
  "shareText" : "5,000걸음을 걷고 Boat Shoe 배지를 얻었어요! #Fitbit"
},{
  "encodedId" : "22B8LN",
  "badgeType" : "LIFETIME_DISTANCE",
  "value" : 42,
  "unit" : "KILOMETERS",
  "timesAchieved" : 1,
  "dateTime" : "2023-07-31",
  "name" : "Marathon (통산 42킬로미터)",
  "shortName" : "Marathon",
  "earnedMessage" : "와! Marathon 배지를 얻었어요!",
  "description" : "통산 42킬로미터",
  "category" : "통산 이동 거리",
  "shareText" : "#Fitbit과 함께 42킬로미터를 걷고 Marathon 배지를 얻었어요!"
}]