[{
  "dateTime" : "06/22/23 00:00:00",
  "value" : {
    "demographicVO2Max" : 29.503330000000002,
    "demographicVO2MaxError" : 3.0000000000000004,
    "filteredDemographicVO2Max" : 29.503330000000002,
    "filteredDemographicVO2MaxError" : 3.0000000000000004
  }
},{
  "dateTime" : "06/23/23 00:00:00",
  "value" : {
    "demographicVO2Max" : 30.841140000000003,
    "demographicVO2MaxError" : 3.0000000000000004,
    "filteredDemographicVO2Max" : 30.177760000000003,
    "filteredDemographicVO2MaxError" : 1.5123900000000001
  }
},{
  "dateTime" : "06/24/23 00:00:00",
  "value" : {
    "demographicVO2Max" : 31.722210000000004,
    "demographicVO2MaxError" : 3.0000000000000004,
    "filteredDemographicVO2Max" : 30.706660000000003,
    "filteredDemographicVO2MaxError" : 1.0273400000000001
  }
},{
  "dateTime" : "06/25/23 00:00:00",
  "value" : {
    "demographicVO2Max" : 31.42976,
    "demographicVO2MaxError" : 3.0000000000000004,
    "filteredDemographicVO2Max" : 30.897720000000003,
    "filteredDemographicVO2MaxError" : 0.7926700000000001
  }
},{
  "dateTime" : "06/26/23 00:00:00",
  "value" : {
    "demographicVO2Max" : 31.42976,
    "demographicVO2MaxError" : 3.0000000000000004,
    "filteredDemographicVO2Max" : 31.014390000000002,
    "filteredDemographicVO2MaxError" : 0.65788
  }
},{
  "dateTime" : "06/27/23 00:00:00",
  "value" : {
    "demographicVO2Max" : 31.57635,
    "demographicVO2MaxError" : 3.0000000000000004,
    "filteredDemographicVO2Max" : 31.12167,
    "filteredDemographicVO2MaxError" : 0.5727300000000001
  }
},{
  "dateTime" : "06/28/23 00:00:00",
  "value" : {
    "demographicVO2Max" : 31.090920000000004,
    "demographicVO2MaxError" : 3.0000000000000004,
    "filteredDemographicVO2Max" : 31.116380000000003,
    "filteredDemographicVO2MaxError" : 0.51568
  }
},{
  "dateTime" : "06/29/23 00:00:00",
  "value" : {
    "demographicVO2Max" : 32.2537,
    "demographicVO2MaxError" : 3.0000000000000004,
    "filteredDemographicVO2Max" : 31.296810000000004,
    "filteredDemographicVO2MaxError" : 0.47593
  }
},{
  "dateTime" : "06/30/23 00:00:00",
  "value" : {
    "demographicVO2Max" : 33.22825,
    "demographicVO2MaxError" : 3.0000000000000004,
    "filteredDemographicVO2Max" : 31.5849,
    "filteredDemographicVO2MaxError" : 0.44748000000000004
  }
},{
  "dateTime" : "07/01/23 00:00:00",
  "value" : {
    "demographicVO2Max" : 33.23476,
    "demographicVO2MaxError" : 3.0000000000000004,
    "filteredDemographicVO2Max" : 31.819570000000002,
    "filteredDemographicVO2MaxError" : 0.42671000000000003
  }
},{
  "dateTime" : "07/02/23 00:00:00",
  "value" : {
    "demographicVO2Max" : 33.23476,
    "demographicVO2MaxError" : 3.0000000000000004,
    "filteredDemographicVO2Max" : 32.01362,
    "filteredDemographicVO2MaxError" : 0.41135000000000005
  }
},{
  "dateTime" : "07/03/23 00:00:00",
  "value" : {
    "demographicVO2Max" : 33.23476,
    "demographicVO2MaxError" : 3.0000000000000004,
    "filteredDemographicVO2Max" : 32.17638,
    "filteredDemographicVO2MaxError" : 0.39985000000000004
  }
},{
  "dateTime" : "07/04/23 00:00:00",
  "value" : {
    "demographicVO2Max" : 33.23476,
    "demographicVO2MaxError" : 3.0000000000000004,
    "filteredDemographicVO2Max" : 32.31439,
    "filteredDemographicVO2MaxError" : 0.39119000000000004
  }
},{
  "dateTime" : "07/05/23 00:00:00",
  "value" : {
    "demographicVO2Max" : 33.23476,
    "demographicVO2MaxError" : 3.0000000000000004,
    "filteredDemographicVO2Max" : 32.432390000000005,
    "filteredDemographicVO2MaxError" : 0.38462
  }
},{
  "dateTime" : "07/06/23 00:00:00",
  "value" : {
    "demographicVO2Max" : 32.68478,
    "demographicVO2MaxError" : 3.0000000000000004,
    "filteredDemographicVO2Max" : 32.46432,
    "filteredDemographicVO2MaxError" : 0.37962
  }
},{
  "dateTime" : "07/07/23 00:00:00",
  "value" : {
    "demographicVO2Max" : 32.82016,
    "demographicVO2MaxError" : 3.0000000000000004,
    "filteredDemographicVO2Max" : 32.50889,
    "filteredDemographicVO2MaxError" : 0.3758
  }
},{
  "dateTime" : "07/08/23 00:00:00",
  "value" : {
    "demographicVO2Max" : 32.82016,
    "demographicVO2MaxError" : 3.0000000000000004,
    "filteredDemographicVO2Max" : 32.54757,
    "filteredDemographicVO2MaxError" : 0.37287000000000003
  }
},{
  "dateTime" : "07/15/23 00:00:00",
  "value" : {
    "demographicVO2Max" : 32.82016,
    "demographicVO2MaxError" : 3.0000000000000004,
    "filteredDemographicVO2Max" : 32.60049,
    "filteredDemographicVO2MaxError" : 0.5825100000000001
  }
},{
  "dateTime" : "07/16/23 00:00:00",
  "value" : {
    "demographicVO2Max" : 32.82016,
    "demographicVO2MaxError" : 3.0000000000000004,
    "filteredDemographicVO2Max" : 32.638740000000006,
    "filteredDemographicVO2MaxError" : 0.52237
  }
},{
  "dateTime" : "07/17/23 00:00:00",
  "value" : {
    "demographicVO2Max" : 32.82016,
    "demographicVO2MaxError" : 3.0000000000000004,
    "filteredDemographicVO2Max" : 32.66781,
    "filteredDemographicVO2MaxError" : 0.48066000000000003
  }
},{
  "dateTime" : "07/18/23 00:00:00",
  "value" : {
    "demographicVO2Max" : 32.82016,
    "demographicVO2MaxError" : 3.0000000000000004,
    "filteredDemographicVO2Max" : 32.69071,
    "filteredDemographicVO2MaxError" : 0.4509
  }
},{
  "dateTime" : "07/19/23 00:00:00",
  "value" : {
    "demographicVO2Max" : 32.82016,
    "demographicVO2MaxError" : 3.0000000000000004,
    "filteredDemographicVO2Max" : 32.709230000000005,
    "filteredDemographicVO2MaxError" : 0.42923000000000006
  }
},{
  "dateTime" : "07/20/23 00:00:00",
  "value" : {
    "demographicVO2Max" : 32.01382,
    "demographicVO2MaxError" : 3.0000000000000004,
    "filteredDemographicVO2Max" : 32.613440000000004,
    "filteredDemographicVO2MaxError" : 0.41322000000000003
  }
},{
  "dateTime" : "07/21/23 00:00:00",
  "value" : {
    "demographicVO2Max" : 31.40602,
    "demographicVO2MaxError" : 3.0000000000000004,
    "filteredDemographicVO2Max" : 32.45194,
    "filteredDemographicVO2MaxError" : 0.40126
  }
},{
  "dateTime" : "07/22/23 00:00:00",
  "value" : {
    "demographicVO2Max" : 31.40602,
    "demographicVO2MaxError" : 3.0000000000000004,
    "filteredDemographicVO2Max" : 32.31519,
    "filteredDemographicVO2MaxError" : 0.39226000000000005
  }
},{
  "dateTime" : "07/23/23 00:00:00",
  "value" : {
    "demographicVO2Max" : 31.40602,
    "demographicVO2MaxError" : 3.0000000000000004,
    "filteredDemographicVO2Max" : 32.19838,
    "filteredDemographicVO2MaxError" : 0.38544
  }
},{
  "dateTime" : "07/24/23 00:00:00",
  "value" : {
    "demographicVO2Max" : 31.40602,
    "demographicVO2MaxError" : 3.0000000000000004,
    "filteredDemographicVO2Max" : 32.097950000000004,
    "filteredDemographicVO2MaxError" : 0.38024
  }
},{
  "dateTime" : "07/25/23 00:00:00",
  "value" : {
    "demographicVO2Max" : 30.869310000000002,
    "demographicVO2MaxError" : 3.0000000000000004,
    "filteredDemographicVO2Max" : 31.94384,
    "filteredDemographicVO2MaxError" : 0.37627000000000005
  }
},{
  "dateTime" : "07/26/23 00:00:00",
  "value" : {
    "demographicVO2Max" : 30.869310000000002,
    "demographicVO2MaxError" : 3.0000000000000004,
    "filteredDemographicVO2Max" : 31.810160000000003,
    "filteredDemographicVO2MaxError" : 0.37324
  }
},{
  "dateTime" : "07/27/23 00:00:00",
  "value" : {
    "demographicVO2Max" : 30.869310000000002,
    "demographicVO2MaxError" : 3.0000000000000004,
    "filteredDemographicVO2Max" : 31.693830000000002,
    "filteredDemographicVO2MaxError" : 0.37091
  }
},{
  "dateTime" : "07/28/23 00:00:00",
  "value" : {
    "demographicVO2Max" : 30.293470000000003,
    "demographicVO2MaxError" : 3.0000000000000004,
    "filteredDemographicVO2Max" : 31.521530000000002,
    "filteredDemographicVO2MaxError" : 0.36912
  }
},{
  "dateTime" : "07/29/23 00:00:00",
  "value" : {
    "demographicVO2Max" : 31.347440000000002,
    "demographicVO2MaxError" : 3.0000000000000004,
    "filteredDemographicVO2Max" : 31.500190000000003,
    "filteredDemographicVO2MaxError" : 0.36774
  }
},{
  "dateTime" : "07/30/23 00:00:00",
  "value" : {
    "demographicVO2Max" : 31.43784,
    "demographicVO2MaxError" : 3.0000000000000004,
    "filteredDemographicVO2Max" : 31.49256,
    "filteredDemographicVO2MaxError" : 0.36668
  }
},{
  "dateTime" : "07/31/23 00:00:00",
  "value" : {
    "demographicVO2Max" : 32.16575,
    "demographicVO2MaxError" : 3.0000000000000004,
    "filteredDemographicVO2Max" : 31.574650000000002,
    "filteredDemographicVO2MaxError" : 0.36586
  }
},{
  "dateTime" : "08/01/23 00:00:00",
  "value" : {
    "demographicVO2Max" : 31.421190000000003,
    "demographicVO2MaxError" : 3.0000000000000004,
    "filteredDemographicVO2Max" : 31.555960000000002,
    "filteredDemographicVO2MaxError" : 0.36523000000000005
  }
},{
  "dateTime" : "08/02/23 00:00:00",
  "value" : {
    "demographicVO2Max" : 31.19976,
    "demographicVO2MaxError" : 3.0000000000000004,
    "filteredDemographicVO2Max" : 31.512650000000004,
    "filteredDemographicVO2MaxError" : 0.36474
  }
},{
  "dateTime" : "08/03/23 00:00:00",
  "value" : {
    "demographicVO2Max" : 30.9551,
    "demographicVO2MaxError" : 3.0000000000000004,
    "filteredDemographicVO2Max" : 31.444930000000003,
    "filteredDemographicVO2MaxError" : 0.36436
  }
},{
  "dateTime" : "08/04/23 00:00:00",
  "value" : {
    "demographicVO2Max" : 31.16175,
    "demographicVO2MaxError" : 3.0000000000000004,
    "filteredDemographicVO2Max" : 31.410560000000004,
    "filteredDemographicVO2MaxError" : 0.36407
  }
},{
  "dateTime" : "08/05/23 00:00:00",
  "value" : {
    "demographicVO2Max" : 30.744690000000002,
    "demographicVO2MaxError" : 3.0000000000000004,
    "filteredDemographicVO2Max" : 31.329800000000002,
    "filteredDemographicVO2MaxError" : 0.36385
  }
},{
  "dateTime" : "08/06/23 00:00:00",
  "value" : {
    "demographicVO2Max" : 30.35376,
    "demographicVO2MaxError" : 3.0000000000000004,
    "filteredDemographicVO2Max" : 31.211470000000002,
    "filteredDemographicVO2MaxError" : 0.36368
  }
},{
  "dateTime" : "08/07/23 00:00:00",
  "value" : {
    "demographicVO2Max" : 30.14917,
    "demographicVO2MaxError" : 3.0000000000000004,
    "filteredDemographicVO2Max" : 31.08274,
    "filteredDemographicVO2MaxError" : 0.36354000000000003
  }
},{
  "dateTime" : "08/08/23 00:00:00",
  "value" : {
    "demographicVO2Max" : 30.33254,
    "demographicVO2MaxError" : 3.0000000000000004,
    "filteredDemographicVO2Max" : 30.991850000000003,
    "filteredDemographicVO2MaxError" : 0.36344000000000004
  }
},{
  "dateTime" : "08/09/23 00:00:00",
  "value" : {
    "demographicVO2Max" : 29.566850000000002,
    "demographicVO2MaxError" : 3.0000000000000004,
    "filteredDemographicVO2Max" : 30.819250000000004,
    "filteredDemographicVO2MaxError" : 0.36336
  }
}]