[{
  "logId" : 56647545547,
  "activityName" : "달리기",
  "activityTypeId" : 90009,
  "activityLevel" : [{
    "minutes" : 0,
    "name" : "sedentary"
  },{
    "minutes" : 0,
    "name" : "lightly"
  },{
    "minutes" : 0,
    "name" : "fairly"
  },{
    "minutes" : 0,
    "name" : "very"
  }],
  "calories" : 0,
  "distance" : 0.0,
  "distanceUnit" : "Kilometer",
  "duration" : 11000,
  "activeDuration" : 9000,
  "steps" : 0,
  "source" : {
    "type" : "tracker",
    "name" : "Charge 5",
    "id" : "220226794",
    "url" : "https://www.fitbit.com/",
    "trackerFeatures" : ["GPS","VO2_MAX","CALORIES","HEARTRATE","STEPS","DISTANCE","PACE"]
  },
  "logType" : "tracker",
  "manualValuesSpecified" : {
    "calories" : false,
    "distance" : false,
    "steps" : false
  },
  "activeZoneMinutes" : {
    "totalMinutes" : 0,
    "minutesInHeartRateZones" : [{
      "minutes" : 0,
      "zoneName" : "심장강화",
      "order" : 2,
      "type" : "CARDIO",
      "minuteMultiplier" : 2
    },{
      "minutes" : 0,
      "zoneName" : "구간 밖",
      "order" : 0,
      "type" : "OUT_OF_ZONE",
      "minuteMultiplier" : 0
    },{
      "minutes" : 0,
      "zoneName" : "최대심박",
      "order" : 3,
      "type" : "PEAK",
      "minuteMultiplier" : 2
    },{
      "minutes" : 0,
      "zoneName" : "지방연소",
      "order" : 1,
      "type" : "FAT_BURN",
      "minuteMultiplier" : 1
    }]
  },
  "speed" : 0.0,
  "lastModified" : "06/22/23 07:30:30",
  "startTime" : "06/22/23 07:30:12",
  "originalStartTime" : "06/22/23 07:30:12",
  "originalDuration" : 11000,
  "elevationGain" : 0.0,
  "hasGps" : false,
  "shouldFetchDetails" : false,
  "hasActiveZoneMinutes" : true
},{
  "logId" : 56731991366,
  "activityName" : "러닝머신",
  "activityTypeId" : 20049,
  "activityLevel" : [{
    "minutes" : 0,
    "name" : "sedentary"
  },{
    "minutes" : 1,
    "name" : "lightly"
  },{
    "minutes" : 0,
    "name" : "fairly"
  },{
    "minutes" : 0,
    "name" : "very"
  }],
  "averageHeartRate" : 100,
  "calories" : 5,
  "distance" : 0.117172,
  "distanceUnit" : "Kilometer",
  "duration" : 79000,
  "activeDuration" : 75000,
  "steps" : 163,
  "source" : {
    "type" : "tracker",
    "name" : "Charge 5",
    "id" : "220226794",
    "url" : "https://www.fitbit.com/",
    "trackerFeatures" : ["CALORIES","HEARTRATE","STEPS","DISTANCE"]
  },
  "logType" : "tracker",
  "manualValuesSpecified" : {
    "calories" : false,
    "distance" : false,
    "steps" : false
  },
  "heartRateZones" : [{
    "name" : "구간 밖",
    "min" : 30,
    "max" : 113,
    "minutes" : 1,
    "caloriesOut" : 3.85872
  },{
    "name" : "지방연소",
    "min" : 113,
    "max" : 131,
    "minutes" : 0,
    "caloriesOut" : 0.0
  },{
    "name" : "심장강화",
    "min" : 131,
    "max" : 153,
    "minutes" : 0,
    "caloriesOut" : 0.0
  },{
    "name" : "최대심박",
    "min" : 153,
    "max" : 220,
    "minutes" : 0,
    "caloriesOut" : 0.0
  }],
  "activeZoneMinutes" : {
    "totalMinutes" : 0,
    "minutesInHeartRateZones" : [{
      "minutes" : 0,
      "zoneName" : "심장강화",
      "order" : 2,
      "type" : "CARDIO",
      "minuteMultiplier" : 2
    },{
      "minutes" : 0,
      "zoneName" : "구간 밖",
      "order" : 0,
      "type" : "OUT_OF_ZONE",
      "minuteMultiplier" : 0
    },{
      "minutes" : 0,
      "zoneName" : "최대심박",
      "order" : 3,
      "type" : "PEAK",
      "minuteMultiplier" : 2
    },{
      "minutes" : 0,
      "zoneName" : "지방연소",
      "order" : 1,
      "type" : "FAT_BURN",
      "minuteMultiplier" : 1
    }]
  },
  "speed" : 5.6376,
  "lastModified" : "06/24/23 10:39:12",
  "startTime" : "06/24/23 09:26:23",
  "originalStartTime" : "06/24/23 09:26:23",
  "originalDuration" : 79000,
  "elevationGain" : 0.0,
  "hasGps" : false,
  "shouldFetchDetails" : false,
  "hasActiveZoneMinutes" : true
},{
  "logId" : 56682026224,
  "activityName" : "달리기",
  "activityTypeId" : 90009,
  "activityLevel" : [{
    "minutes" : 0,
    "name" : "sedentary"
  },{
    "minutes" : 0,
    "name" : "lightly"
  },{
    "minutes" : 0,
    "name" : "fairly"
  },{
    "minutes" : 0,
    "name" : "very"
  }],
  "averageHeartRate" : 93,
  "calories" : 0,
  "distance" : 0.0,
  "distanceUnit" : "Kilometer",
  "duration" : 9000,
  "activeDuration" : 7000,
  "steps" : 0,
  "source" : {
    "type" : "tracker",
    "name" : "Charge 5",
    "id" : "220226794",
    "url" : "https://www.fitbit.com/",
    "trackerFeatures" : ["GPS","VO2_MAX","CALORIES","HEARTRATE","STEPS","DISTANCE","PACE"]
  },
  "logType" : "tracker",
  "manualValuesSpecified" : {
    "calories" : false,
    "distance" : false,
    "steps" : false
  },
  "heartRateZones" : [{
    "name" : "구간 밖",
    "min" : 30,
    "max" : 113,
    "minutes" : 0,
    "caloriesOut" : 0.0
  },{
    "name" : "지방연소",
    "min" : 113,
    "max" : 131,
    "minutes" : 0,
    "caloriesOut" : 0.0
  },{
    "name" : "심장강화",
    "min" : 131,
    "max" : 153,
    "minutes" : 0,
    "caloriesOut" : 0.0
  },{
    "name" : "최대심박",
    "min" : 153,
    "max" : 220,
    "minutes" : 0,
    "caloriesOut" : 0.0
  }],
  "activeZoneMinutes" : {
    "totalMinutes" : 0,
    "minutesInHeartRateZones" : [{
      "minutes" : 0,
      "zoneName" : "심장강화",
      "order" : 2,
      "type" : "CARDIO",
      "minuteMultiplier" : 2
    },{
      "minutes" : 0,
      "zoneName" : "구간 밖",
      "order" : 0,
      "type" : "OUT_OF_ZONE",
      "minuteMultiplier" : 0
    },{
      "minutes" : 0,
      "zoneName" : "최대심박",
      "order" : 3,
      "type" : "PEAK",
      "minuteMultiplier" : 2
    },{
      "minutes" : 0,
      "zoneName" : "지방연소",
      "order" : 1,
      "type" : "FAT_BURN",
      "minuteMultiplier" : 1
    }]
  },
  "speed" : 0.0,
  "lastModified" : "06/24/23 10:53:30",
  "startTime" : "06/24/23 10:53:15",
  "originalStartTime" : "06/24/23 10:53:15",
  "originalDuration" : 9000,
  "elevationGain" : 0.0,
  "hasGps" : false,
  "shouldFetchDetails" : false,
  "hasActiveZoneMinutes" : true
},{
  "logId" : 56748941420,
  "activityName" : "달리기",
  "activityTypeId" : 90009,
  "activityLevel" : [{
    "minutes" : 0,
    "name" : "sedentary"
  },{
    "minutes" : 0,
    "name" : "lightly"
  },{
    "minutes" : 0,
    "name" : "fairly"
  },{
    "minutes" : 2,
    "name" : "very"
  }],
  "averageHeartRate" : 145,
  "calories" : 13,
  "distance" : 0.276812,
  "distanceUnit" : "Kilometer",
  "duration" : 150000,
  "activeDuration" : 147000,
  "steps" : 372,
  "source" : {
    "type" : "tracker",
    "name" : "Charge 5",
    "id" : "220226794",
    "url" : "https://www.fitbit.com/",
    "trackerFeatures" : ["GPS","VO2_MAX","CALORIES","HEARTRATE","STEPS","DISTANCE","PACE"]
  },
  "logType" : "tracker",
  "manualValuesSpecified" : {
    "calories" : false,
    "distance" : false,
    "steps" : false
  },
  "tcxLink" : "https://www.fitbit.com/activities/exercise/56748941420?export=tcx",
  "heartRateZones" : [{
    "name" : "구간 밖",
    "min" : 30,
    "max" : 113,
    "minutes" : 1,
    "caloriesOut" : 7.958609999999998
  },{
    "name" : "지방연소",
    "min" : 113,
    "max" : 131,
    "minutes" : 0,
    "caloriesOut" : 0.0
  },{
    "name" : "심장강화",
    "min" : 131,
    "max" : 153,
    "minutes" : 1,
    "caloriesOut" : 8.68212
  },{
    "name" : "최대심박",
    "min" : 153,
    "max" : 220,
    "minutes" : 0,
    "caloriesOut" : 0.0
  }],
  "activeZoneMinutes" : {
    "totalMinutes" : 2,
    "minutesInHeartRateZones" : [{
      "minutes" : 1,
      "zoneName" : "심장강화",
      "order" : 2,
      "type" : "CARDIO",
      "minuteMultiplier" : 2
    },{
      "minutes" : 0,
      "zoneName" : "구간 밖",
      "order" : 0,
      "type" : "OUT_OF_ZONE",
      "minuteMultiplier" : 0
    },{
      "minutes" : 0,
      "zoneName" : "최대심박",
      "order" : 3,
      "type" : "PEAK",
      "minuteMultiplier" : 2
    },{
      "minutes" : 0,
      "zoneName" : "지방연소",
      "order" : 1,
      "type" : "FAT_BURN",
      "minuteMultiplier" : 1
    }]
  },
  "speed" : 6.887020408163266,
  "pace" : 522.7224237251974,
  "lastModified" : "06/25/23 10:40:50",
  "startTime" : "06/25/23 10:25:16",
  "originalStartTime" : "06/25/23 10:25:16",
  "originalDuration" : 150000,
  "elevationGain" : 0.0,
  "hasGps" : true,
  "shouldFetchDetails" : true,
  "hasActiveZoneMinutes" : true
},{
  "logId" : 56762353679,
  "activityName" : "걷기",
  "activityTypeId" : 90013,
  "activityLevel" : [{
    "minutes" : 1,
    "name" : "sedentary"
  },{
    "minutes" : 2,
    "name" : "lightly"
  },{
    "minutes" : 7,
    "name" : "fairly"
  },{
    "minutes" : 7,
    "name" : "very"
  }],
  "averageHeartRate" : 118,
  "calories" : 74,
  "duration" : 1024000,
  "activeDuration" : 1024000,
  "steps" : 1344,
  "logType" : "auto_detected",
  "manualValuesSpecified" : {
    "calories" : false,
    "distance" : false,
    "steps" : false
  },
  "heartRateZones" : [{
    "name" : "구간 밖",
    "min" : 30,
    "max" : 113,
    "minutes" : 8,
    "caloriesOut" : 31.593269999999997
  },{
    "name" : "지방연소",
    "min" : 113,
    "max" : 131,
    "minutes" : 7,
    "caloriesOut" : 29.90508
  },{
    "name" : "심장강화",
    "min" : 131,
    "max" : 153,
    "minutes" : 1,
    "caloriesOut" : 5.30574
  },{
    "name" : "최대심박",
    "min" : 153,
    "max" : 220,
    "minutes" : 1,
    "caloriesOut" : 6.75276
  }],
  "activeZoneMinutes" : {
    "totalMinutes" : 11,
    "minutesInHeartRateZones" : [{
      "minutes" : 1,
      "zoneName" : "심장강화",
      "order" : 2,
      "type" : "CARDIO",
      "minuteMultiplier" : 2
    },{
      "minutes" : 1,
      "zoneName" : "최대심박",
      "order" : 3,
      "type" : "PEAK",
      "minuteMultiplier" : 2
    },{
      "minutes" : 0,
      "zoneName" : "구간 밖",
      "order" : 0,
      "type" : "OUT_OF_ZONE",
      "minuteMultiplier" : 0
    },{
      "minutes" : 7,
      "zoneName" : "지방연소",
      "order" : 1,
      "type" : "FAT_BURN",
      "minuteMultiplier" : 1
    }]
  },
  "lastModified" : "06/25/23 10:55:57",
  "startTime" : "06/25/23 10:27:33",
  "originalStartTime" : "06/25/23 10:27:33",
  "originalDuration" : 1024000,
  "hasGps" : false,
  "shouldFetchDetails" : false,
  "hasActiveZoneMinutes" : true
},{
  "logId" : 56881274063,
  "activityName" : "걷기",
  "activityTypeId" : 90013,
  "activityLevel" : [{
    "minutes" : 0,
    "name" : "sedentary"
  },{
    "minutes" : 4,
    "name" : "lightly"
  },{
    "minutes" : 8,
    "name" : "fairly"
  },{
    "minutes" : 5,
    "name" : "very"
  }],
  "averageHeartRate" : 106,
  "calories" : 70,
  "duration" : 1024000,
  "activeDuration" : 1024000,
  "steps" : 1265,
  "logType" : "auto_detected",
  "manualValuesSpecified" : {
    "calories" : false,
    "distance" : false,
    "steps" : false
  },
  "heartRateZones" : [{
    "name" : "구간 밖",
    "min" : 30,
    "max" : 111,
    "minutes" : 15,
    "caloriesOut" : 63.347319999999996
  },{
    "name" : "지방연소",
    "min" : 111,
    "max" : 129,
    "minutes" : 2,
    "caloriesOut" : 6.913539999999999
  },{
    "name" : "심장강화",
    "min" : 129,
    "max" : 153,
    "minutes" : 0,
    "caloriesOut" : 0.0
  },{
    "name" : "최대심박",
    "min" : 153,
    "max" : 220,
    "minutes" : 0,
    "caloriesOut" : 0.0
  }],
  "activeZoneMinutes" : {
    "totalMinutes" : 2,
    "minutesInHeartRateZones" : [{
      "minutes" : 0,
      "zoneName" : "심장강화",
      "order" : 2,
      "type" : "CARDIO",
      "minuteMultiplier" : 2
    },{
      "minutes" : 0,
      "zoneName" : "구간 밖",
      "order" : 0,
      "type" : "OUT_OF_ZONE",
      "minuteMultiplier" : 0
    },{
      "minutes" : 0,
      "zoneName" : "최대심박",
      "order" : 3,
      "type" : "PEAK",
      "minuteMultiplier" : 2
    },{
      "minutes" : 2,
      "zoneName" : "지방연소",
      "order" : 1,
      "type" : "FAT_BURN",
      "minuteMultiplier" : 1
    }]
  },
  "lastModified" : "06/30/23 10:26:29",
  "startTime" : "06/30/23 09:58:44",
  "originalStartTime" : "06/30/23 09:58:44",
  "originalDuration" : 1024000,
  "hasGps" : false,
  "shouldFetchDetails" : false,
  "hasActiveZoneMinutes" : true
},{
  "logId" : 57517918390,
  "activityName" : "걷기",
  "activityTypeId" : 90013,
  "activityLevel" : [{
    "minutes" : 0,
    "name" : "sedentary"
  },{
    "minutes" : 21,
    "name" : "lightly"
  },{
    "minutes" : 0,
    "name" : "fairly"
  },{
    "minutes" : 0,
    "name" : "very"
  }],
  "averageHeartRate" : 109,
  "calories" : 86,
  "duration" : 1280000,
  "activeDuration" : 1280000,
  "steps" : 1472,
  "logType" : "auto_detected",
  "manualValuesSpecified" : {
    "calories" : false,
    "distance" : false,
    "steps" : false
  },
  "heartRateZones" : [{
    "name" : "구간 밖",
    "min" : 30,
    "max" : 115,
    "minutes" : 15,
    "caloriesOut" : 57.47885000000001
  },{
    "name" : "지방연소",
    "min" : 115,
    "max" : 132,
    "minutes" : 6,
    "caloriesOut" : 28.9404
  },{
    "name" : "심장강화",
    "min" : 132,
    "max" : 154,
    "minutes" : 0,
    "caloriesOut" : 0.0
  },{
    "name" : "최대심박",
    "min" : 154,
    "max" : 220,
    "minutes" : 0,
    "caloriesOut" : 0.0
  }],
  "activeZoneMinutes" : {
    "totalMinutes" : 6,
    "minutesInHeartRateZones" : [{
      "minutes" : 0,
      "zoneName" : "심장강화",
      "order" : 2,
      "type" : "CARDIO",
      "minuteMultiplier" : 2
    },{
      "minutes" : 0,
      "zoneName" : "구간 밖",
      "order" : 0,
      "type" : "OUT_OF_ZONE",
      "minuteMultiplier" : 0
    },{
      "minutes" : 0,
      "zoneName" : "최대심박",
      "order" : 3,
      "type" : "PEAK",
      "minuteMultiplier" : 2
    },{
      "minutes" : 6,
      "zoneName" : "지방연소",
      "order" : 1,
      "type" : "FAT_BURN",
      "minuteMultiplier" : 1
    }]
  },
  "lastModified" : "07/28/23 23:33:54",
  "startTime" : "07/28/23 13:21:46",
  "originalStartTime" : "07/28/23 13:21:46",
  "originalDuration" : 1280000,
  "hasGps" : false,
  "shouldFetchDetails" : false,
  "hasActiveZoneMinutes" : true
},{
  "logId" : 57607692378,
  "activityName" : "걷기",
  "activityTypeId" : 90013,
  "activityLevel" : [{
    "minutes" : 0,
    "name" : "sedentary"
  },{
    "minutes" : 0,
    "name" : "lightly"
  },{
    "minutes" : 2,
    "name" : "fairly"
  },{
    "minutes" : 33,
    "name" : "very"
  }],
  "averageHeartRate" : 141,
  "calories" : 231,
  "duration" : 2099000,
  "activeDuration" : 2099000,
  "steps" : 2779,
  "logType" : "auto_detected",
  "manualValuesSpecified" : {
    "calories" : false,
    "distance" : false,
    "steps" : false
  },
  "heartRateZones" : [{
    "name" : "구간 밖",
    "min" : 30,
    "max" : 113,
    "minutes" : 0,
    "caloriesOut" : 2.8421709430404007E-14
  },{
    "name" : "지방연소",
    "min" : 113,
    "max" : 131,
    "minutes" : 10,
    "caloriesOut" : 57.8808
  },{
    "name" : "심장강화",
    "min" : 131,
    "max" : 153,
    "minutes" : 17,
    "caloriesOut" : 116.24393999999998
  },{
    "name" : "최대심박",
    "min" : 153,
    "max" : 220,
    "minutes" : 8,
    "caloriesOut" : 57.0769
  }],
  "activeZoneMinutes" : {
    "totalMinutes" : 60,
    "minutesInHeartRateZones" : [{
      "minutes" : 17,
      "zoneName" : "심장강화",
      "order" : 2,
      "type" : "CARDIO",
      "minuteMultiplier" : 2
    },{
      "minutes" : 8,
      "zoneName" : "최대심박",
      "order" : 3,
      "type" : "PEAK",
      "minuteMultiplier" : 2
    },{
      "minutes" : 0,
      "zoneName" : "구간 밖",
      "order" : 0,
      "type" : "OUT_OF_ZONE",
      "minuteMultiplier" : 0
    },{
      "minutes" : 10,
      "zoneName" : "지방연소",
      "order" : 1,
      "type" : "FAT_BURN",
      "minuteMultiplier" : 1
    }]
  },
  "lastModified" : "08/02/23 05:44:09",
  "startTime" : "08/02/23 05:04:53",
  "originalStartTime" : "08/02/23 05:04:53",
  "originalDuration" : 2099000,
  "hasGps" : false,
  "shouldFetchDetails" : false,
  "hasActiveZoneMinutes" : true
},{
  "logId" : 57625463997,
  "activityName" : "걷기",
  "activityTypeId" : 90013,
  "activityLevel" : [{
    "minutes" : 4,
    "name" : "sedentary"
  },{
    "minutes" : 11,
    "name" : "lightly"
  },{
    "minutes" : 6,
    "name" : "fairly"
  },{
    "minutes" : 5,
    "name" : "very"
  }],
  "averageHeartRate" : 115,
  "calories" : 100,
  "duration" : 1587000,
  "activeDuration" : 1587000,
  "steps" : 1573,
  "logType" : "auto_detected",
  "manualValuesSpecified" : {
    "calories" : false,
    "distance" : false,
    "steps" : false
  },
  "heartRateZones" : [{
    "name" : "구간 밖",
    "min" : 30,
    "max" : 114,
    "minutes" : 11,
    "caloriesOut" : 28.538449999999997
  },{
    "name" : "지방연소",
    "min" : 114,
    "max" : 131,
    "minutes" : 14,
    "caloriesOut" : 66.00019
  },{
    "name" : "심장강화",
    "min" : 131,
    "max" : 153,
    "minutes" : 1,
    "caloriesOut" : 5.46652
  },{
    "name" : "최대심박",
    "min" : 153,
    "max" : 220,
    "minutes" : 0,
    "caloriesOut" : 0.0
  }],
  "activeZoneMinutes" : {
    "totalMinutes" : 16,
    "minutesInHeartRateZones" : [{
      "minutes" : 1,
      "zoneName" : "심장강화",
      "order" : 2,
      "type" : "CARDIO",
      "minuteMultiplier" : 2
    },{
      "minutes" : 0,
      "zoneName" : "구간 밖",
      "order" : 0,
      "type" : "OUT_OF_ZONE",
      "minuteMultiplier" : 0
    },{
      "minutes" : 0,
      "zoneName" : "최대심박",
      "order" : 3,
      "type" : "PEAK",
      "minuteMultiplier" : 2
    },{
      "minutes" : 14,
      "zoneName" : "지방연소",
      "order" : 1,
      "type" : "FAT_BURN",
      "minuteMultiplier" : 1
    }]
  },
  "lastModified" : "08/03/23 03:52:25",
  "startTime" : "08/03/23 03:09:29",
  "originalStartTime" : "08/03/23 03:09:29",
  "originalDuration" : 1587000,
  "hasGps" : false,
  "shouldFetchDetails" : false,
  "hasActiveZoneMinutes" : true
},{
  "logId" : 57666234545,
  "activityName" : "걷기",
  "activityTypeId" : 90013,
  "activityLevel" : [{
    "minutes" : 0,
    "name" : "sedentary"
  },{
    "minutes" : 3,
    "name" : "lightly"
  },{
    "minutes" : 4,
    "name" : "fairly"
  },{
    "minutes" : 9,
    "name" : "very"
  }],
  "averageHeartRate" : 116,
  "calories" : 74,
  "duration" : 973000,
  "activeDuration" : 973000,
  "steps" : 1394,
  "logType" : "auto_detected",
  "manualValuesSpecified" : {
    "calories" : false,
    "distance" : false,
    "steps" : false
  },
  "heartRateZones" : [{
    "name" : "구간 밖",
    "min" : 30,
    "max" : 114,
    "minutes" : 8,
    "caloriesOut" : 35.21082000000001
  },{
    "name" : "지방연소",
    "min" : 114,
    "max" : 132,
    "minutes" : 6,
    "caloriesOut" : 27.49338
  },{
    "name" : "심장강화",
    "min" : 132,
    "max" : 153,
    "minutes" : 2,
    "caloriesOut" : 11.093820000000001
  },{
    "name" : "최대심박",
    "min" : 153,
    "max" : 220,
    "minutes" : 0,
    "caloriesOut" : 0.0
  }],
  "activeZoneMinutes" : {
    "totalMinutes" : 10,
    "minutesInHeartRateZones" : [{
      "minutes" : 2,
      "zoneName" : "심장강화",
      "order" : 2,
      "type" : "CARDIO",
      "minuteMultiplier" : 2
    },{
      "minutes" : 0,
      "zoneName" : "구간 밖",
      "order" : 0,
      "type" : "OUT_OF_ZONE",
      "minuteMultiplier" : 0
    },{
      "minutes" : 0,
      "zoneName" : "최대심박",
      "order" : 3,
      "type" : "PEAK",
      "minuteMultiplier" : 2
    },{
      "minutes" : 6,
      "zoneName" : "지방연소",
      "order" : 1,
      "type" : "FAT_BURN",
      "minuteMultiplier" : 1
    }]
  },
  "lastModified" : "08/05/23 01:08:07",
  "startTime" : "08/05/23 00:41:15",
  "originalStartTime" : "08/05/23 00:41:15",
  "originalDuration" : 973000,
  "hasGps" : false,
  "shouldFetchDetails" : false,
  "hasActiveZoneMinutes" : true
},{
  "logId" : 57668407244,
  "activityName" : "걷기",
  "activityTypeId" : 90013,
  "activityLevel" : [{
    "minutes" : 1,
    "name" : "sedentary"
  },{
    "minutes" : 2,
    "name" : "lightly"
  },{
    "minutes" : 2,
    "name" : "fairly"
  },{
    "minutes" : 10,
    "name" : "very"
  }],
  "averageHeartRate" : 121,
  "calories" : 70,
  "duration" : 922000,
  "activeDuration" : 922000,
  "steps" : 1211,
  "logType" : "auto_detected",
  "manualValuesSpecified" : {
    "calories" : false,
    "distance" : false,
    "steps" : false
  },
  "heartRateZones" : [{
    "name" : "구간 밖",
    "min" : 30,
    "max" : 114,
    "minutes" : 4,
    "caloriesOut" : 11.576160000000002
  },{
    "name" : "지방연소",
    "min" : 114,
    "max" : 132,
    "minutes" : 9,
    "caloriesOut" : 48.394780000000004
  },{
    "name" : "심장강화",
    "min" : 132,
    "max" : 153,
    "minutes" : 2,
    "caloriesOut" : 9.96836
  },{
    "name" : "최대심박",
    "min" : 153,
    "max" : 220,
    "minutes" : 0,
    "caloriesOut" : 0.0
  }],
  "activeZoneMinutes" : {
    "totalMinutes" : 13,
    "minutesInHeartRateZones" : [{
      "minutes" : 2,
      "zoneName" : "심장강화",
      "order" : 2,
      "type" : "CARDIO",
      "minuteMultiplier" : 2
    },{
      "minutes" : 0,
      "zoneName" : "구간 밖",
      "order" : 0,
      "type" : "OUT_OF_ZONE",
      "minuteMultiplier" : 0
    },{
      "minutes" : 0,
      "zoneName" : "최대심박",
      "order" : 3,
      "type" : "PEAK",
      "minuteMultiplier" : 2
    },{
      "minutes" : 9,
      "zoneName" : "지방연소",
      "order" : 1,
      "type" : "FAT_BURN",
      "minuteMultiplier" : 1
    }]
  },
  "lastModified" : "08/05/23 04:54:15",
  "startTime" : "08/05/23 04:34:16",
  "originalStartTime" : "08/05/23 04:34:16",
  "originalDuration" : 922000,
  "hasGps" : false,
  "shouldFetchDetails" : false,
  "hasActiveZoneMinutes" : true
}]