[{
  "dateTime" : "07/26/23 23:57:37",
  "value" : {
    "bpm" : 70,
    "confidence" : 0
  }
},{
  "dateTime" : "07/26/23 23:57:47",
  "value" : {
    "bpm" : 70,
    "confidence" : 1
  }
},{
  "dateTime" : "07/26/23 23:57:52",
  "value" : {
    "bpm" : 74,
    "confidence" : 1
  }
},{
  "dateTime" : "07/26/23 23:57:57",
  "value" : {
    "bpm" : 79,
    "confidence" : 1
  }
},{
  "dateTime" : "07/26/23 23:58:12",
  "value" : {
    "bpm" : 79,
    "confidence" : 1
  }
},{
  "dateTime" : "07/26/23 23:58:17",
  "value" : {
    "bpm" : 80,
    "confidence" : 1
  }
},{
  "dateTime" : "07/26/23 23:58:22",
  "value" : {
    "bpm" : 83,
    "confidence" : 1
  }
},{
  "dateTime" : "07/26/23 23:58:27",
  "value" : {
    "bpm" : 84,
    "confidence" : 1
  }
},{
  "dateTime" : "07/27/23 05:47:53",
  "value" : {
    "bpm" : 70,
    "confidence" : 0
  }
},{
  "dateTime" : "07/27/23 05:48:08",
  "value" : {
    "bpm" : 77,
    "confidence" : 1
  }
},{
  "dateTime" : "07/27/23 05:48:13",
  "value" : {
    "bpm" : 82,
    "confidence" : 1
  }
},{
  "dateTime" : "07/27/23 05:48:23",
  "value" : {
    "bpm" : 81,
    "confidence" : 1
  }
},{
  "dateTime" : "07/27/23 05:48:28",
  "value" : {
    "bpm" : 82,
    "confidence" : 1
  }
}]