[{
  "dateTime" : "07/07/23 04:36:25",
  "value" : {
    "bpm" : 70,
    "confidence" : 0
  }
},{
  "dateTime" : "07/07/23 04:36:40",
  "value" : {
    "bpm" : 88,
    "confidence" : 0
  }
},{
  "dateTime" : "07/07/23 04:36:47",
  "value" : {
    "bpm" : 89,
    "confidence" : 0
  }
},{
  "dateTime" : "07/07/23 13:21:09",
  "value" : {
    "bpm" : 70,
    "confidence" : 0
  }
},{
  "dateTime" : "07/07/23 13:21:24",
  "value" : {
    "bpm" : 70,
    "confidence" : 0
  }
},{
  "dateTime" : "07/07/23 13:21:39",
  "value" : {
    "bpm" : 70,
    "confidence" : 0
  }
},{
  "dateTime" : "07/07/23 13:21:54",
  "value" : {
    "bpm" : 70,
    "confidence" : 0
  }
},{
  "dateTime" : "07/07/23 13:22:09",
  "value" : {
    "bpm" : 70,
    "confidence" : 0
  }
},{
  "dateTime" : "07/07/23 13:22:24",
  "value" : {
    "bpm" : 70,
    "confidence" : 0
  }
},{
  "dateTime" : "07/07/23 13:22:39",
  "value" : {
    "bpm" : 70,
    "confidence" : 0
  }
},{
  "dateTime" : "07/07/23 13:22:54",
  "value" : {
    "bpm" : 70,
    "confidence" : 0
  }
},{
  "dateTime" : "07/07/23 13:22:59",
  "value" : {
    "bpm" : 76,
    "confidence" : 1
  }
},{
  "dateTime" : "07/07/23 13:23:04",
  "value" : {
    "bpm" : 81,
    "confidence" : 1
  }
},{
  "dateTime" : "07/07/23 13:23:19",
  "value" : {
    "bpm" : 81,
    "confidence" : 1
  }
},{
  "dateTime" : "07/07/23 13:23:34",
  "value" : {
    "bpm" : 81,
    "confidence" : 1
  }
},{
  "dateTime" : "07/07/23 13:23:49",
  "value" : {
    "bpm" : 81,
    "confidence" : 1
  }
},{
  "dateTime" : "07/07/23 13:24:00",
  "value" : {
    "bpm" : 83,
    "confidence" : 1
  }
},{
  "dateTime" : "07/07/23 13:24:04",
  "value" : {
    "bpm" : 86,
    "confidence" : 1
  }
},{
  "dateTime" : "07/07/23 13:24:09",
  "value" : {
    "bpm" : 86,
    "confidence" : 0
  }
},{
  "dateTime" : "07/07/23 13:24:24",
  "value" : {
    "bpm" : 86,
    "confidence" : 0
  }
},{
  "dateTime" : "07/07/23 13:24:39",
  "value" : {
    "bpm" : 86,
    "confidence" : 0
  }
},{
  "dateTime" : "07/07/23 13:24:54",
  "value" : {
    "bpm" : 86,
    "confidence" : 0
  }
},{
  "dateTime" : "07/07/23 13:25:09",
  "value" : {
    "bpm" : 86,
    "confidence" : 0
  }
},{
  "dateTime" : "07/07/23 13:25:14",
  "value" : {
    "bpm" : 85,
    "confidence" : 0
  }
},{
  "dateTime" : "07/07/23 13:25:19",
  "value" : {
    "bpm" : 87,
    "confidence" : 0
  }
},{
  "dateTime" : "07/07/23 13:25:29",
  "value" : {
    "bpm" : 86,
    "confidence" : 0
  }
},{
  "dateTime" : "07/07/23 13:25:44",
  "value" : {
    "bpm" : 86,
    "confidence" : 0
  }
},{
  "dateTime" : "07/07/23 13:25:59",
  "value" : {
    "bpm" : 86,
    "confidence" : 0
  }
},{
  "dateTime" : "07/07/23 13:26:14",
  "value" : {
    "bpm" : 86,
    "confidence" : 0
  }
},{
  "dateTime" : "07/07/23 13:26:35",
  "value" : {
    "bpm" : 86,
    "confidence" : 0
  }
},{
  "dateTime" : "07/07/23 13:26:45",
  "value" : {
    "bpm" : 87,
    "confidence" : 0
  }
},{
  "dateTime" : "07/07/23 13:26:50",
  "value" : {
    "bpm" : 88,
    "confidence" : 1
  }
},{
  "dateTime" : "07/07/23 13:26:55",
  "value" : {
    "bpm" : 89,
    "confidence" : 1
  }
},{
  "dateTime" : "07/07/23 13:27:05",
  "value" : {
    "bpm" : 90,
    "confidence" : 1
  }
},{
  "dateTime" : "07/07/23 13:27:15",
  "value" : {
    "bpm" : 91,
    "confidence" : 1
  }
},{
  "dateTime" : "07/07/23 13:27:20",
  "value" : {
    "bpm" : 92,
    "confidence" : 1
  }
},{
  "dateTime" : "07/07/23 13:27:25",
  "value" : {
    "bpm" : 93,
    "confidence" : 1
  }
},{
  "dateTime" : "07/07/23 13:27:30",
  "value" : {
    "bpm" : 94,
    "confidence" : 1
  }
},{
  "dateTime" : "07/07/23 13:27:40",
  "value" : {
    "bpm" : 92,
    "confidence" : 1
  }
},{
  "dateTime" : "07/07/23 13:27:50",
  "value" : {
    "bpm" : 93,
    "confidence" : 1
  }
},{
  "dateTime" : "07/07/23 13:28:00",
  "value" : {
    "bpm" : 88,
    "confidence" : 1
  }
},{
  "dateTime" : "07/07/23 13:28:05",
  "value" : {
    "bpm" : 82,
    "confidence" : 2
  }
},{
  "dateTime" : "07/07/23 13:28:20",
  "value" : {
    "bpm" : 83,
    "confidence" : 2
  }
},{
  "dateTime" : "07/07/23 13:28:25",
  "value" : {
    "bpm" : 82,
    "confidence" : 2
  }
},{
  "dateTime" : "07/07/23 13:28:30",
  "value" : {
    "bpm" : 83,
    "confidence" : 2
  }
},{
  "dateTime" : "07/07/23 13:28:35",
  "value" : {
    "bpm" : 82,
    "confidence" : 2
  }
},{
  "dateTime" : "07/07/23 13:28:40",
  "value" : {
    "bpm" : 83,
    "confidence" : 1
  }
},{
  "dateTime" : "07/07/23 13:28:45",
  "value" : {
    "bpm" : 84,
    "confidence" : 1
  }
},{
  "dateTime" : "07/07/23 13:29:00",
  "value" : {
    "bpm" : 87,
    "confidence" : 1
  }
},{
  "dateTime" : "07/07/23 13:29:10",
  "value" : {
    "bpm" : 87,
    "confidence" : 2
  }
},{
  "dateTime" : "07/07/23 13:29:15",
  "value" : {
    "bpm" : 87,
    "confidence" : 1
  }
},{
  "dateTime" : "07/07/23 13:29:25",
  "value" : {
    "bpm" : 88,
    "confidence" : 1
  }
},{
  "dateTime" : "07/07/23 13:29:30",
  "value" : {
    "bpm" : 87,
    "confidence" : 1
  }
},{
  "dateTime" : "07/07/23 13:29:45",
  "value" : {
    "bpm" : 90,
    "confidence" : 1
  }
},{
  "dateTime" : "07/07/23 13:29:50",
  "value" : {
    "bpm" : 96,
    "confidence" : 2
  }
},{
  "dateTime" : "07/07/23 13:29:55",
  "value" : {
    "bpm" : 97,
    "confidence" : 2
  }
},{
  "dateTime" : "07/07/23 13:30:00",
  "value" : {
    "bpm" : 97,
    "confidence" : 2
  }
},{
  "dateTime" : "07/07/23 13:30:05",
  "value" : {
    "bpm" : 95,
    "confidence" : 2
  }
},{
  "dateTime" : "07/07/23 13:30:10",
  "value" : {
    "bpm" : 94,
    "confidence" : 2
  }
},{
  "dateTime" : "07/07/23 13:30:20",
  "value" : {
    "bpm" : 93,
    "confidence" : 1
  }
},{
  "dateTime" : "07/07/23 13:30:30",
  "value" : {
    "bpm" : 91,
    "confidence" : 1
  }
},{
  "dateTime" : "07/07/23 13:30:35",
  "value" : {
    "bpm" : 90,
    "confidence" : 1
  }
},{
  "dateTime" : "07/07/23 13:30:50",
  "value" : {
    "bpm" : 89,
    "confidence" : 1
  }
},{
  "dateTime" : "07/07/23 13:30:55",
  "value" : {
    "bpm" : 90,
    "confidence" : 1
  }
},{
  "dateTime" : "07/07/23 13:31:00",
  "value" : {
    "bpm" : 89,
    "confidence" : 1
  }
},{
  "dateTime" : "07/07/23 13:31:05",
  "value" : {
    "bpm" : 87,
    "confidence" : 1
  }
},{
  "dateTime" : "07/07/23 13:31:20",
  "value" : {
    "bpm" : 87,
    "confidence" : 1
  }
},{
  "dateTime" : "07/07/23 13:31:35",
  "value" : {
    "bpm" : 87,
    "confidence" : 1
  }
},{
  "dateTime" : "07/07/23 13:31:40",
  "value" : {
    "bpm" : 89,
    "confidence" : 1
  }
},{
  "dateTime" : "07/07/23 13:31:50",
  "value" : {
    "bpm" : 90,
    "confidence" : 0
  }
},{
  "dateTime" : "07/07/23 13:31:55",
  "value" : {
    "bpm" : 91,
    "confidence" : 0
  }
},{
  "dateTime" : "07/07/23 13:32:00",
  "value" : {
    "bpm" : 91,
    "confidence" : 1
  }
},{
  "dateTime" : "07/07/23 13:32:15",
  "value" : {
    "bpm" : 90,
    "confidence" : 1
  }
},{
  "dateTime" : "07/07/23 13:32:25",
  "value" : {
    "bpm" : 88,
    "confidence" : 1
  }
},{
  "dateTime" : "07/07/23 13:32:40",
  "value" : {
    "bpm" : 88,
    "confidence" : 1
  }
},{
  "dateTime" : "07/07/23 13:32:50",
  "value" : {
    "bpm" : 87,
    "confidence" : 1
  }
},{
  "dateTime" : "07/07/23 13:33:00",
  "value" : {
    "bpm" : 88,
    "confidence" : 1
  }
},{
  "dateTime" : "07/07/23 13:33:15",
  "value" : {
    "bpm" : 88,
    "confidence" : 1
  }
},{
  "dateTime" : "07/07/23 13:33:20",
  "value" : {
    "bpm" : 87,
    "confidence" : 1
  }
},{
  "dateTime" : "07/07/23 13:33:30",
  "value" : {
    "bpm" : 88,
    "confidence" : 1
  }
},{
  "dateTime" : "07/07/23 13:33:40",
  "value" : {
    "bpm" : 89,
    "confidence" : 1
  }
},{
  "dateTime" : "07/07/23 13:33:45",
  "value" : {
    "bpm" : 88,
    "confidence" : 1
  }
},{
  "dateTime" : "07/07/23 13:33:50",
  "value" : {
    "bpm" : 87,
    "confidence" : 1
  }
},{
  "dateTime" : "07/07/23 13:33:55",
  "value" : {
    "bpm" : 86,
    "confidence" : 1
  }
},{
  "dateTime" : "07/07/23 13:34:10",
  "value" : {
    "bpm" : 87,
    "confidence" : 2
  }
},{
  "dateTime" : "07/07/23 13:34:25",
  "value" : {
    "bpm" : 87,
    "confidence" : 2
  }
},{
  "dateTime" : "07/07/23 13:34:40",
  "value" : {
    "bpm" : 87,
    "confidence" : 2
  }
},{
  "dateTime" : "07/07/23 13:34:45",
  "value" : {
    "bpm" : 86,
    "confidence" : 2
  }
},{
  "dateTime" : "07/07/23 13:35:00",
  "value" : {
    "bpm" : 86,
    "confidence" : 1
  }
},{
  "dateTime" : "07/07/23 13:35:05",
  "value" : {
    "bpm" : 87,
    "confidence" : 1
  }
},{
  "dateTime" : "07/07/23 13:35:10",
  "value" : {
    "bpm" : 88,
    "confidence" : 1
  }
},{
  "dateTime" : "07/07/23 13:35:25",
  "value" : {
    "bpm" : 86,
    "confidence" : 1
  }
},{
  "dateTime" : "07/07/23 13:35:30",
  "value" : {
    "bpm" : 85,
    "confidence" : 2
  }
},{
  "dateTime" : "07/07/23 13:35:35",
  "value" : {
    "bpm" : 86,
    "confidence" : 2
  }
},{
  "dateTime" : "07/07/23 13:35:50",
  "value" : {
    "bpm" : 83,
    "confidence" : 2
  }
},{
  "dateTime" : "07/07/23 13:35:55",
  "value" : {
    "bpm" : 80,
    "confidence" : 2
  }
},{
  "dateTime" : "07/07/23 13:36:10",
  "value" : {
    "bpm" : 81,
    "confidence" : 2
  }
},{
  "dateTime" : "07/07/23 13:36:20",
  "value" : {
    "bpm" : 82,
    "confidence" : 1
  }
},{
  "dateTime" : "07/07/23 13:36:35",
  "value" : {
    "bpm" : 83,
    "confidence" : 1
  }
},{
  "dateTime" : "07/07/23 13:36:40",
  "value" : {
    "bpm" : 84,
    "confidence" : 1
  }
},{
  "dateTime" : "07/07/23 13:36:45",
  "value" : {
    "bpm" : 86,
    "confidence" : 1
  }
},{
  "dateTime" : "07/07/23 13:36:50",
  "value" : {
    "bpm" : 85,
    "confidence" : 1
  }
},{
  "dateTime" : "07/07/23 13:37:00",
  "value" : {
    "bpm" : 87,
    "confidence" : 2
  }
},{
  "dateTime" : "07/07/23 13:37:10",
  "value" : {
    "bpm" : 86,
    "confidence" : 2
  }
},{
  "dateTime" : "07/07/23 13:37:15",
  "value" : {
    "bpm" : 85,
    "confidence" : 2
  }
},{
  "dateTime" : "07/07/23 13:37:20",
  "value" : {
    "bpm" : 84,
    "confidence" : 2
  }
},{
  "dateTime" : "07/07/23 13:37:25",
  "value" : {
    "bpm" : 86,
    "confidence" : 2
  }
},{
  "dateTime" : "07/07/23 13:37:30",
  "value" : {
    "bpm" : 87,
    "confidence" : 2
  }
},{
  "dateTime" : "07/07/23 13:37:40",
  "value" : {
    "bpm" : 88,
    "confidence" : 2
  }
},{
  "dateTime" : "07/07/23 13:37:45",
  "value" : {
    "bpm" : 87,
    "confidence" : 2
  }
},{
  "dateTime" : "07/07/23 13:37:50",
  "value" : {
    "bpm" : 87,
    "confidence" : 3
  }
},{
  "dateTime" : "07/07/23 13:37:55",
  "value" : {
    "bpm" : 90,
    "confidence" : 2
  }
},{
  "dateTime" : "07/07/23 13:38:10",
  "value" : {
    "bpm" : 90,
    "confidence" : 2
  }
},{
  "dateTime" : "07/07/23 13:38:15",
  "value" : {
    "bpm" : 89,
    "confidence" : 2
  }
},{
  "dateTime" : "07/07/23 13:38:20",
  "value" : {
    "bpm" : 88,
    "confidence" : 2
  }
},{
  "dateTime" : "07/07/23 13:38:35",
  "value" : {
    "bpm" : 88,
    "confidence" : 2
  }
},{
  "dateTime" : "07/07/23 13:38:40",
  "value" : {
    "bpm" : 88,
    "confidence" : 1
  }
},{
  "dateTime" : "07/07/23 13:38:45",
  "value" : {
    "bpm" : 100,
    "confidence" : 1
  }
},{
  "dateTime" : "07/07/23 13:38:50",
  "value" : {
    "bpm" : 105,
    "confidence" : 2
  }
},{
  "dateTime" : "07/07/23 13:38:55",
  "value" : {
    "bpm" : 106,
    "confidence" : 2
  }
},{
  "dateTime" : "07/07/23 13:39:12",
  "value" : {
    "bpm" : 103,
    "confidence" : 1
  }
},{
  "dateTime" : "07/07/23 13:39:17",
  "value" : {
    "bpm" : 98,
    "confidence" : 1
  }
},{
  "dateTime" : "07/07/23 13:39:22",
  "value" : {
    "bpm" : 95,
    "confidence" : 1
  }
},{
  "dateTime" : "07/07/23 13:39:27",
  "value" : {
    "bpm" : 91,
    "confidence" : 1
  }
},{
  "dateTime" : "07/07/23 13:39:32",
  "value" : {
    "bpm" : 90,
    "confidence" : 1
  }
},{
  "dateTime" : "07/07/23 13:39:37",
  "value" : {
    "bpm" : 89,
    "confidence" : 1
  }
},{
  "dateTime" : "07/07/23 13:39:42",
  "value" : {
    "bpm" : 90,
    "confidence" : 1
  }
},{
  "dateTime" : "07/07/23 13:39:47",
  "value" : {
    "bpm" : 89,
    "confidence" : 1
  }
},{
  "dateTime" : "07/07/23 13:39:52",
  "value" : {
    "bpm" : 88,
    "confidence" : 1
  }
}]