[{
  "dateTime" : "07/21/23 00:00:00",
  "value" : "58"
},{
  "dateTime" : "07/22/23 00:00:00",
  "value" : "0"
},{
  "dateTime" : "07/23/23 00:00:00",
  "value" : "0"
},{
  "dateTime" : "07/24/23 00:00:00",
  "value" : "0"
},{
  "dateTime" : "07/25/23 00:00:00",
  "value" : "105"
},{
  "dateTime" : "07/26/23 00:00:00",
  "value" : "0"
},{
  "dateTime" : "07/27/23 00:00:00",
  "value" : "0"
},{
  "dateTime" : "07/28/23 00:00:00",
  "value" : "64"
},{
  "dateTime" : "07/29/23 00:00:00",
  "value" : "238"
},{
  "dateTime" : "07/30/23 00:00:00",
  "value" : "185"
},{
  "dateTime" : "07/31/23 00:00:00",
  "value" : "119"
},{
  "dateTime" : "08/01/23 00:00:00",
  "value" : "122"
},{
  "dateTime" : "08/02/23 00:00:00",
  "value" : "125"
},{
  "dateTime" : "08/03/23 00:00:00",
  "value" : "156"
},{
  "dateTime" : "08/04/23 00:00:00",
  "value" : "0"
},{
  "dateTime" : "08/05/23 00:00:00",
  "value" : "241"
},{
  "dateTime" : "08/06/23 00:00:00",
  "value" : "165"
},{
  "dateTime" : "08/07/23 00:00:00",
  "value" : "106"
},{
  "dateTime" : "08/08/23 00:00:00",
  "value" : "9"
},{
  "dateTime" : "08/09/23 00:00:00",
  "value" : "47"
},{
  "dateTime" : "08/10/23 00:00:00",
  "value" : "0"
},{
  "dateTime" : "08/11/23 00:00:00",
  "value" : "0"
},{
  "dateTime" : "08/12/23 00:00:00",
  "value" : "0"
},{
  "dateTime" : "08/13/23 00:00:00",
  "value" : "0"
},{
  "dateTime" : "08/14/23 00:00:00",
  "value" : "0"
},{
  "dateTime" : "08/15/23 00:00:00",
  "value" : "0"
},{
  "dateTime" : "08/16/23 00:00:00",
  "value" : "0"
},{
  "dateTime" : "08/17/23 00:00:00",
  "value" : "0"
},{
  "dateTime" : "08/18/23 00:00:00",
  "value" : "0"
},{
  "dateTime" : "08/19/23 00:00:00",
  "value" : "0"
}]