[{
  "dateTime" : "06/21/23 00:00:00",
  "value" : "1440"
},{
  "dateTime" : "06/22/23 00:00:00",
  "value" : "1356"
},{
  "dateTime" : "06/23/23 00:00:00",
  "value" : "979"
},{
  "dateTime" : "06/24/23 00:00:00",
  "value" : "925"
},{
  "dateTime" : "06/25/23 00:00:00",
  "value" : "1254"
},{
  "dateTime" : "06/26/23 00:00:00",
  "value" : "1440"
},{
  "dateTime" : "06/27/23 00:00:00",
  "value" : "1431"
},{
  "dateTime" : "06/28/23 00:00:00",
  "value" : "1263"
},{
  "dateTime" : "06/29/23 00:00:00",
  "value" : "1139"
},{
  "dateTime" : "06/30/23 00:00:00",
  "value" : "881"
},{
  "dateTime" : "07/01/23 00:00:00",
  "value" : "1438"
},{
  "dateTime" : "07/02/23 00:00:00",
  "value" : "1440"
},{
  "dateTime" : "07/03/23 00:00:00",
  "value" : "1421"
},{
  "dateTime" : "07/04/23 00:00:00",
  "value" : "1440"
},{
  "dateTime" : "07/05/23 00:00:00",
  "value" : "1440"
},{
  "dateTime" : "07/06/23 00:00:00",
  "value" : "1181"
},{
  "dateTime" : "07/07/23 00:00:00",
  "value" : "1439"
},{
  "dateTime" : "07/08/23 00:00:00",
  "value" : "1440"
},{
  "dateTime" : "07/09/23 00:00:00",
  "value" : "1440"
},{
  "dateTime" : "07/10/23 00:00:00",
  "value" : "1440"
},{
  "dateTime" : "07/11/23 00:00:00",
  "value" : "1440"
},{
  "dateTime" : "07/12/23 00:00:00",
  "value" : "1440"
},{
  "dateTime" : "07/13/23 00:00:00",
  "value" : "1440"
},{
  "dateTime" : "07/14/23 00:00:00",
  "value" : "1440"
},{
  "dateTime" : "07/15/23 00:00:00",
  "value" : "1440"
},{
  "dateTime" : "07/16/23 00:00:00",
  "value" : "1440"
},{
  "dateTime" : "07/17/23 00:00:00",
  "value" : "1440"
},{
  "dateTime" : "07/18/23 00:00:00",
  "value" : "1440"
},{
  "dateTime" : "07/19/23 00:00:00",
  "value" : "1440"
},{
  "dateTime" : "07/20/23 00:00:00",
  "value" : "1295"
}]