[{
  "dateTime" : "07/21/23 00:00:00",
  "value" : "1382"
},{
  "dateTime" : "07/22/23 00:00:00",
  "value" : "1440"
},{
  "dateTime" : "07/23/23 00:00:00",
  "value" : "1440"
},{
  "dateTime" : "07/24/23 00:00:00",
  "value" : "1440"
},{
  "dateTime" : "07/25/23 00:00:00",
  "value" : "1303"
},{
  "dateTime" : "07/26/23 00:00:00",
  "value" : "1440"
},{
  "dateTime" : "07/27/23 00:00:00",
  "value" : "1440"
},{
  "dateTime" : "07/28/23 00:00:00",
  "value" : "1376"
},{
  "dateTime" : "07/29/23 00:00:00",
  "value" : "661"
},{
  "dateTime" : "07/30/23 00:00:00",
  "value" : "740"
},{
  "dateTime" : "07/31/23 00:00:00",
  "value" : "808"
},{
  "dateTime" : "08/01/23 00:00:00",
  "value" : "856"
},{
  "dateTime" : "08/02/23 00:00:00",
  "value" : "729"
},{
  "dateTime" : "08/03/23 00:00:00",
  "value" : "1230"
},{
  "dateTime" : "08/04/23 00:00:00",
  "value" : "1440"
},{
  "dateTime" : "08/05/23 00:00:00",
  "value" : "1170"
},{
  "dateTime" : "08/06/23 00:00:00",
  "value" : "1275"
},{
  "dateTime" : "08/07/23 00:00:00",
  "value" : "1325"
},{
  "dateTime" : "08/08/23 00:00:00",
  "value" : "1431"
},{
  "dateTime" : "08/09/23 00:00:00",
  "value" : "201"
},{
  "dateTime" : "08/10/23 00:00:00",
  "value" : "1440"
},{
  "dateTime" : "08/11/23 00:00:00",
  "value" : "1440"
},{
  "dateTime" : "08/12/23 00:00:00",
  "value" : "1440"
},{
  "dateTime" : "08/13/23 00:00:00",
  "value" : "1440"
},{
  "dateTime" : "08/14/23 00:00:00",
  "value" : "1440"
},{
  "dateTime" : "08/15/23 00:00:00",
  "value" : "1440"
},{
  "dateTime" : "08/16/23 00:00:00",
  "value" : "1440"
},{
  "dateTime" : "08/17/23 00:00:00",
  "value" : "1440"
},{
  "dateTime" : "08/18/23 00:00:00",
  "value" : "1440"
},{
  "dateTime" : "08/19/23 00:00:00",
  "value" : "1440"
}]