[{
  "logId" : 41880008979,
  "dateOfSleep" : "2023-06-30",
  "startTime" : "2023-06-30T00:03:00.000",
  "endTime" : "2023-06-30T06:56:30.000",
  "duration" : 24780000,
  "minutesToFallAsleep" : 0,
  "minutesAsleep" : 357,
  "minutesAwake" : 56,
  "minutesAfterWakeup" : 2,
  "timeInBed" : 413,
  "efficiency" : 93,
  "type" : "stages",
  "infoCode" : 0,
  "logType" : "auto_detected",
  "levels" : {
    "summary" : {
      "deep" : {
        "count" : 1,
        "minutes" : 61,
        "thirtyDayAvgMinutes" : 43
      },
      "wake" : {
        "count" : 29,
        "minutes" : 56,
        "thirtyDayAvgMinutes" : 38
      },
      "light" : {
        "count" : 27,
        "minutes" : 156,
        "thirtyDayAvgMinutes" : 146
      },
      "rem" : {
        "count" : 7,
        "minutes" : 140,
        "thirtyDayAvgMinutes" : 73
      }
    },
    "data" : [{
      "dateTime" : "2023-06-30T00:03:00.000",
      "level" : "wake",
      "seconds" : 600
    },{
      "dateTime" : "2023-06-30T00:13:00.000",
      "level" : "light",
      "seconds" : 330
    },{
      "dateTime" : "2023-06-30T00:18:30.000",
      "level" : "deep",
      "seconds" : 3780
    },{
      "dateTime" : "2023-06-30T01:21:30.000",
      "level" : "light",
      "seconds" : 270
    },{
      "dateTime" : "2023-06-30T01:26:00.000",
      "level" : "rem",
      "seconds" : 1710
    },{
      "dateTime" : "2023-06-30T01:54:30.000",
      "level" : "light",
      "seconds" : 990
    },{
      "dateTime" : "2023-06-30T02:11:00.000",
      "level" : "wake",
      "seconds" : 330
    },{
      "dateTime" : "2023-06-30T02:16:30.000",
      "level" : "light",
      "seconds" : 1380
    },{
      "dateTime" : "2023-06-30T02:39:30.000",
      "level" : "rem",
      "seconds" : 300
    },{
      "dateTime" : "2023-06-30T02:44:30.000",
      "level" : "wake",
      "seconds" : 330
    },{
      "dateTime" : "2023-06-30T02:50:00.000",
      "level" : "light",
      "seconds" : 960
    },{
      "dateTime" : "2023-06-30T03:06:00.000",
      "level" : "wake",
      "seconds" : 420
    },{
      "dateTime" : "2023-06-30T03:13:00.000",
      "level" : "light",
      "seconds" : 4290
    },{
      "dateTime" : "2023-06-30T04:24:30.000",
      "level" : "rem",
      "seconds" : 2190
    },{
      "dateTime" : "2023-06-30T05:01:00.000",
      "level" : "light",
      "seconds" : 1050
    },{
      "dateTime" : "2023-06-30T05:18:30.000",
      "level" : "rem",
      "seconds" : 1920
    },{
      "dateTime" : "2023-06-30T05:50:30.000",
      "level" : "light",
      "seconds" : 1050
    },{
      "dateTime" : "2023-06-30T06:08:00.000",
      "level" : "rem",
      "seconds" : 2400
    },{
      "dateTime" : "2023-06-30T06:48:00.000",
      "level" : "light",
      "seconds" : 510
    }],
    "shortData" : [{
      "dateTime" : "2023-06-30T01:20:00.000",
      "level" : "wake",
      "seconds" : 90
    },{
      "dateTime" : "2023-06-30T01:23:30.000",
      "level" : "wake",
      "seconds" : 30
    },{
      "dateTime" : "2023-06-30T01:56:30.000",
      "level" : "wake",
      "seconds" : 60
    },{
      "dateTime" : "2023-06-30T02:06:00.000",
      "level" : "wake",
      "seconds" : 60
    },{
      "dateTime" : "2023-06-30T02:20:30.000",
      "level" : "wake",
      "seconds" : 180
    },{
      "dateTime" : "2023-06-30T02:26:00.000",
      "level" : "wake",
      "seconds" : 60
    },{
      "dateTime" : "2023-06-30T02:37:30.000",
      "level" : "wake",
      "seconds" : 120
    },{
      "dateTime" : "2023-06-30T03:00:30.000",
      "level" : "wake",
      "seconds" : 30
    },{
      "dateTime" : "2023-06-30T03:03:00.000",
      "level" : "wake",
      "seconds" : 30
    },{
      "dateTime" : "2023-06-30T03:41:00.000",
      "level" : "wake",
      "seconds" : 120
    },{
      "dateTime" : "2023-06-30T03:44:30.000",
      "level" : "wake",
      "seconds" : 150
    },{
      "dateTime" : "2023-06-30T03:57:00.000",
      "level" : "wake",
      "seconds" : 30
    },{
      "dateTime" : "2023-06-30T04:11:30.000",
      "level" : "wake",
      "seconds" : 60
    },{
      "dateTime" : "2023-06-30T04:19:00.000",
      "level" : "wake",
      "seconds" : 30
    },{
      "dateTime" : "2023-06-30T04:21:00.000",
      "level" : "wake",
      "seconds" : 30
    },{
      "dateTime" : "2023-06-30T05:00:30.000",
      "level" : "wake",
      "seconds" : 30
    },{
      "dateTime" : "2023-06-30T05:10:30.000",
      "level" : "wake",
      "seconds" : 30
    },{
      "dateTime" : "2023-06-30T05:50:00.000",
      "level" : "wake",
      "seconds" : 30
    },{
      "dateTime" : "2023-06-30T05:56:00.000",
      "level" : "wake",
      "seconds" : 30
    },{
      "dateTime" : "2023-06-30T06:01:00.000",
      "level" : "wake",
      "seconds" : 30
    },{
      "dateTime" : "2023-06-30T06:04:30.000",
      "level" : "wake",
      "seconds" : 180
    },{
      "dateTime" : "2023-06-30T06:16:00.000",
      "level" : "wake",
      "seconds" : 30
    },{
      "dateTime" : "2023-06-30T06:44:00.000",
      "level" : "wake",
      "seconds" : 30
    },{
      "dateTime" : "2023-06-30T06:50:30.000",
      "level" : "wake",
      "seconds" : 60
    },{
      "dateTime" : "2023-06-30T06:53:30.000",
      "level" : "wake",
      "seconds" : 180
    }]
  },
  "mainSleep" : true
},{
  "logId" : 41874418756,
  "dateOfSleep" : "2023-06-29",
  "startTime" : "2023-06-29T14:59:00.000",
  "endTime" : "2023-06-29T18:40:30.000",
  "duration" : 13260000,
  "minutesToFallAsleep" : 0,
  "minutesAsleep" : 195,
  "minutesAwake" : 26,
  "minutesAfterWakeup" : 1,
  "timeInBed" : 221,
  "efficiency" : 90,
  "type" : "stages",
  "infoCode" : 0,
  "logType" : "auto_detected",
  "levels" : {
    "summary" : {
      "deep" : {
        "count" : 4,
        "minutes" : 40,
        "thirtyDayAvgMinutes" : 45
      },
      "wake" : {
        "count" : 13,
        "minutes" : 26,
        "thirtyDayAvgMinutes" : 45
      },
      "light" : {
        "count" : 14,
        "minutes" : 118,
        "thirtyDayAvgMinutes" : 161
      },
      "rem" : {
        "count" : 3,
        "minutes" : 37,
        "thirtyDayAvgMinutes" : 92
      }
    },
    "data" : [{
      "dateTime" : "2023-06-29T14:59:00.000",
      "level" : "wake",
      "seconds" : 360
    },{
      "dateTime" : "2023-06-29T15:05:00.000",
      "level" : "light",
      "seconds" : 420
    },{
      "dateTime" : "2023-06-29T15:12:00.000",
      "level" : "deep",
      "seconds" : 300
    },{
      "dateTime" : "2023-06-29T15:17:00.000",
      "level" : "light",
      "seconds" : 420
    },{
      "dateTime" : "2023-06-29T15:24:00.000",
      "level" : "deep",
      "seconds" : 1380
    },{
      "dateTime" : "2023-06-29T15:47:00.000",
      "level" : "light",
      "seconds" : 2640
    },{
      "dateTime" : "2023-06-29T16:31:00.000",
      "level" : "deep",
      "seconds" : 480
    },{
      "dateTime" : "2023-06-29T16:39:00.000",
      "level" : "light",
      "seconds" : 960
    },{
      "dateTime" : "2023-06-29T16:55:00.000",
      "level" : "deep",
      "seconds" : 300
    },{
      "dateTime" : "2023-06-29T17:00:00.000",
      "level" : "light",
      "seconds" : 1500
    },{
      "dateTime" : "2023-06-29T17:25:00.000",
      "level" : "rem",
      "seconds" : 1950
    },{
      "dateTime" : "2023-06-29T17:57:30.000",
      "level" : "light",
      "seconds" : 1650
    },{
      "dateTime" : "2023-06-29T18:25:00.000",
      "level" : "rem",
      "seconds" : 300
    },{
      "dateTime" : "2023-06-29T18:30:00.000",
      "level" : "wake",
      "seconds" : 630
    }],
    "shortData" : [{
      "dateTime" : "2023-06-29T15:46:30.000",
      "level" : "wake",
      "seconds" : 30
    },{
      "dateTime" : "2023-06-29T15:51:30.000",
      "level" : "wake",
      "seconds" : 120
    },{
      "dateTime" : "2023-06-29T16:39:00.000",
      "level" : "wake",
      "seconds" : 30
    },{
      "dateTime" : "2023-06-29T17:05:00.000",
      "level" : "wake",
      "seconds" : 60
    },{
      "dateTime" : "2023-06-29T17:13:30.000",
      "level" : "wake",
      "seconds" : 90
    },{
      "dateTime" : "2023-06-29T17:20:00.000",
      "level" : "wake",
      "seconds" : 30
    },{
      "dateTime" : "2023-06-29T17:25:30.000",
      "level" : "wake",
      "seconds" : 30
    },{
      "dateTime" : "2023-06-29T18:00:00.000",
      "level" : "wake",
      "seconds" : 30
    },{
      "dateTime" : "2023-06-29T18:07:00.000",
      "level" : "wake",
      "seconds" : 30
    },{
      "dateTime" : "2023-06-29T18:09:00.000",
      "level" : "wake",
      "seconds" : 30
    },{
      "dateTime" : "2023-06-29T18:15:30.000",
      "level" : "wake",
      "seconds" : 120
    }]
  },
  "mainSleep" : true
},{
  "logId" : 41808420993,
  "dateOfSleep" : "2023-06-24",
  "startTime" : "2023-06-24T03:47:00.000",
  "endTime" : "2023-06-24T09:12:30.000",
  "duration" : 19500000,
  "minutesToFallAsleep" : 0,
  "minutesAsleep" : 276,
  "minutesAwake" : 49,
  "minutesAfterWakeup" : 0,
  "timeInBed" : 325,
  "efficiency" : 93,
  "type" : "stages",
  "infoCode" : 0,
  "logType" : "auto_detected",
  "levels" : {
    "summary" : {
      "deep" : {
        "count" : 3,
        "minutes" : 43,
        "thirtyDayAvgMinutes" : 47
      },
      "wake" : {
        "count" : 17,
        "minutes" : 49,
        "thirtyDayAvgMinutes" : 40
      },
      "light" : {
        "count" : 18,
        "minutes" : 151,
        "thirtyDayAvgMinutes" : 170
      },
      "rem" : {
        "count" : 4,
        "minutes" : 82,
        "thirtyDayAvgMinutes" : 101
      }
    },
    "data" : [{
      "dateTime" : "2023-06-24T03:47:00.000",
      "level" : "wake",
      "seconds" : 1710
    },{
      "dateTime" : "2023-06-24T04:15:30.000",
      "level" : "light",
      "seconds" : 1200
    },{
      "dateTime" : "2023-06-24T04:35:30.000",
      "level" : "rem",
      "seconds" : 1440
    },{
      "dateTime" : "2023-06-24T04:59:30.000",
      "level" : "wake",
      "seconds" : 330
    },{
      "dateTime" : "2023-06-24T05:05:00.000",
      "level" : "light",
      "seconds" : 2160
    },{
      "dateTime" : "2023-06-24T05:41:00.000",
      "level" : "deep",
      "seconds" : 1890
    },{
      "dateTime" : "2023-06-24T06:12:30.000",
      "level" : "light",
      "seconds" : 450
    },{
      "dateTime" : "2023-06-24T06:20:00.000",
      "level" : "rem",
      "seconds" : 390
    },{
      "dateTime" : "2023-06-24T06:26:30.000",
      "level" : "light",
      "seconds" : 3000
    },{
      "dateTime" : "2023-06-24T07:16:30.000",
      "level" : "rem",
      "seconds" : 1410
    },{
      "dateTime" : "2023-06-24T07:40:00.000",
      "level" : "light",
      "seconds" : 2760
    },{
      "dateTime" : "2023-06-24T08:26:00.000",
      "level" : "deep",
      "seconds" : 660
    },{
      "dateTime" : "2023-06-24T08:37:00.000",
      "level" : "light",
      "seconds" : 120
    },{
      "dateTime" : "2023-06-24T08:39:00.000",
      "level" : "rem",
      "seconds" : 1860
    },{
      "dateTime" : "2023-06-24T09:10:00.000",
      "level" : "deep",
      "seconds" : 150
    }],
    "shortData" : [{
      "dateTime" : "2023-06-24T04:19:00.000",
      "level" : "wake",
      "seconds" : 30
    },{
      "dateTime" : "2023-06-24T04:33:30.000",
      "level" : "wake",
      "seconds" : 30
    },{
      "dateTime" : "2023-06-24T05:19:00.000",
      "level" : "wake",
      "seconds" : 30
    },{
      "dateTime" : "2023-06-24T06:11:30.000",
      "level" : "wake",
      "seconds" : 60
    },{
      "dateTime" : "2023-06-24T06:18:00.000",
      "level" : "wake",
      "seconds" : 60
    },{
      "dateTime" : "2023-06-24T06:28:30.000",
      "level" : "wake",
      "seconds" : 90
    },{
      "dateTime" : "2023-06-24T06:34:00.000",
      "level" : "wake",
      "seconds" : 30
    },{
      "dateTime" : "2023-06-24T06:36:30.000",
      "level" : "wake",
      "seconds" : 30
    },{
      "dateTime" : "2023-06-24T06:43:30.000",
      "level" : "wake",
      "seconds" : 60
    },{
      "dateTime" : "2023-06-24T06:48:00.000",
      "level" : "wake",
      "seconds" : 30
    },{
      "dateTime" : "2023-06-24T07:41:30.000",
      "level" : "wake",
      "seconds" : 60
    },{
      "dateTime" : "2023-06-24T07:50:00.000",
      "level" : "wake",
      "seconds" : 120
    },{
      "dateTime" : "2023-06-24T08:00:30.000",
      "level" : "wake",
      "seconds" : 30
    },{
      "dateTime" : "2023-06-24T08:35:30.000",
      "level" : "wake",
      "seconds" : 90
    },{
      "dateTime" : "2023-06-24T08:39:00.000",
      "level" : "wake",
      "seconds" : 150
    }]
  },
  "mainSleep" : true
},{
  "logId" : 41795078420,
  "dateOfSleep" : "2023-06-23",
  "startTime" : "2023-06-22T23:31:30.000",
  "endTime" : "2023-06-23T05:29:30.000",
  "duration" : 21480000,
  "minutesToFallAsleep" : 0,
  "minutesAsleep" : 318,
  "minutesAwake" : 40,
  "minutesAfterWakeup" : 0,
  "timeInBed" : 358,
  "efficiency" : 95,
  "type" : "stages",
  "infoCode" : 0,
  "logType" : "auto_detected",
  "levels" : {
    "summary" : {
      "deep" : {
        "count" : 1,
        "minutes" : 47,
        "thirtyDayAvgMinutes" : 0
      },
      "wake" : {
        "count" : 26,
        "minutes" : 40,
        "thirtyDayAvgMinutes" : 0
      },
      "light" : {
        "count" : 24,
        "minutes" : 170,
        "thirtyDayAvgMinutes" : 0
      },
      "rem" : {
        "count" : 5,
        "minutes" : 101,
        "thirtyDayAvgMinutes" : 0
      }
    },
    "data" : [{
      "dateTime" : "2023-06-22T23:31:30.000",
      "level" : "wake",
      "seconds" : 420
    },{
      "dateTime" : "2023-06-22T23:38:30.000",
      "level" : "deep",
      "seconds" : 2910
    },{
      "dateTime" : "2023-06-23T00:27:00.000",
      "level" : "light",
      "seconds" : 420
    },{
      "dateTime" : "2023-06-23T00:34:00.000",
      "level" : "wake",
      "seconds" : 360
    },{
      "dateTime" : "2023-06-23T00:40:00.000",
      "level" : "light",
      "seconds" : 5700
    },{
      "dateTime" : "2023-06-23T02:15:00.000",
      "level" : "rem",
      "seconds" : 1050
    },{
      "dateTime" : "2023-06-23T02:32:30.000",
      "level" : "light",
      "seconds" : 2790
    },{
      "dateTime" : "2023-06-23T03:19:00.000",
      "level" : "rem",
      "seconds" : 1770
    },{
      "dateTime" : "2023-06-23T03:48:30.000",
      "level" : "light",
      "seconds" : 1320
    },{
      "dateTime" : "2023-06-23T04:10:30.000",
      "level" : "rem",
      "seconds" : 2490
    },{
      "dateTime" : "2023-06-23T04:52:00.000",
      "level" : "light",
      "seconds" : 720
    },{
      "dateTime" : "2023-06-23T05:04:00.000",
      "level" : "rem",
      "seconds" : 930
    },{
      "dateTime" : "2023-06-23T05:19:30.000",
      "level" : "light",
      "seconds" : 30
    },{
      "dateTime" : "2023-06-23T05:20:00.000",
      "level" : "wake",
      "seconds" : 570
    }],
    "shortData" : [{
      "dateTime" : "2023-06-23T00:25:30.000",
      "level" : "wake",
      "seconds" : 90
    },{
      "dateTime" : "2023-06-23T00:49:30.000",
      "level" : "wake",
      "seconds" : 30
    },{
      "dateTime" : "2023-06-23T00:53:30.000",
      "level" : "wake",
      "seconds" : 30
    },{
      "dateTime" : "2023-06-23T01:06:30.000",
      "level" : "wake",
      "seconds" : 60
    },{
      "dateTime" : "2023-06-23T01:09:00.000",
      "level" : "wake",
      "seconds" : 60
    },{
      "dateTime" : "2023-06-23T01:15:30.000",
      "level" : "wake",
      "seconds" : 30
    },{
      "dateTime" : "2023-06-23T01:41:00.000",
      "level" : "wake",
      "seconds" : 120
    },{
      "dateTime" : "2023-06-23T02:03:30.000",
      "level" : "wake",
      "seconds" : 30
    },{
      "dateTime" : "2023-06-23T02:30:00.000",
      "level" : "wake",
      "seconds" : 150
    },{
      "dateTime" : "2023-06-23T02:36:30.000",
      "level" : "wake",
      "seconds" : 30
    },{
      "dateTime" : "2023-06-23T02:50:30.000",
      "level" : "wake",
      "seconds" : 30
    },{
      "dateTime" : "2023-06-23T02:53:00.000",
      "level" : "wake",
      "seconds" : 30
    },{
      "dateTime" : "2023-06-23T02:59:30.000",
      "level" : "wake",
      "seconds" : 30
    },{
      "dateTime" : "2023-06-23T03:10:00.000",
      "level" : "wake",
      "seconds" : 60
    },{
      "dateTime" : "2023-06-23T03:50:30.000",
      "level" : "wake",
      "seconds" : 30
    },{
      "dateTime" : "2023-06-23T03:58:30.000",
      "level" : "wake",
      "seconds" : 30
    },{
      "dateTime" : "2023-06-23T04:04:30.000",
      "level" : "wake",
      "seconds" : 30
    },{
      "dateTime" : "2023-06-23T04:51:30.000",
      "level" : "wake",
      "seconds" : 30
    },{
      "dateTime" : "2023-06-23T04:55:30.000",
      "level" : "wake",
      "seconds" : 30
    },{
      "dateTime" : "2023-06-23T04:58:00.000",
      "level" : "wake",
      "seconds" : 30
    },{
      "dateTime" : "2023-06-23T05:01:30.000",
      "level" : "wake",
      "seconds" : 30
    },{
      "dateTime" : "2023-06-23T05:03:30.000",
      "level" : "wake",
      "seconds" : 30
    },{
      "dateTime" : "2023-06-23T05:06:00.000",
      "level" : "wake",
      "seconds" : 30
    }]
  },
  "mainSleep" : true
}]