[{
  "logId" : 42346043535,
  "dateOfSleep" : "2023-08-09",
  "startTime" : "2023-08-08T23:43:30.000",
  "endTime" : "2023-08-09T05:13:00.000",
  "duration" : 19740000,
  "minutesToFallAsleep" : 0,
  "minutesAsleep" : 273,
  "minutesAwake" : 56,
  "minutesAfterWakeup" : 0,
  "timeInBed" : 329,
  "efficiency" : 93,
  "type" : "stages",
  "infoCode" : 0,
  "logType" : "auto_detected",
  "levels" : {
    "summary" : {
      "deep" : {
        "count" : 1,
        "minutes" : 51,
        "thirtyDayAvgMinutes" : 83
      },
      "wake" : {
        "count" : 15,
        "minutes" : 56,
        "thirtyDayAvgMinutes" : 57
      },
      "light" : {
        "count" : 13,
        "minutes" : 132,
        "thirtyDayAvgMinutes" : 240
      },
      "rem" : {
        "count" : 6,
        "minutes" : 90,
        "thirtyDayAvgMinutes" : 129
      }
    },
    "data" : [{
      "dateTime" : "2023-08-08T23:43:30.000",
      "level" : "light",
      "seconds" : 270
    },{
      "dateTime" : "2023-08-08T23:48:00.000",
      "level" : "deep",
      "seconds" : 3060
    },{
      "dateTime" : "2023-08-09T00:39:00.000",
      "level" : "light",
      "seconds" : 1830
    },{
      "dateTime" : "2023-08-09T01:09:30.000",
      "level" : "rem",
      "seconds" : 1620
    },{
      "dateTime" : "2023-08-09T01:36:30.000",
      "level" : "light",
      "seconds" : 2970
    },{
      "dateTime" : "2023-08-09T02:26:00.000",
      "level" : "rem",
      "seconds" : 3690
    },{
      "dateTime" : "2023-08-09T03:27:30.000",
      "level" : "light",
      "seconds" : 2010
    },{
      "dateTime" : "2023-08-09T04:01:00.000",
      "level" : "wake",
      "seconds" : 1200
    },{
      "dateTime" : "2023-08-09T04:21:00.000",
      "level" : "light",
      "seconds" : 120
    },{
      "dateTime" : "2023-08-09T04:23:00.000",
      "level" : "wake",
      "seconds" : 1380
    },{
      "dateTime" : "2023-08-09T04:46:00.000",
      "level" : "light",
      "seconds" : 1320
    },{
      "dateTime" : "2023-08-09T05:08:00.000",
      "level" : "rem",
      "seconds" : 300
    }],
    "shortData" : [{
      "dateTime" : "2023-08-09T00:38:30.000",
      "level" : "wake",
      "seconds" : 30
    },{
      "dateTime" : "2023-08-09T01:38:00.000",
      "level" : "wake",
      "seconds" : 60
    },{
      "dateTime" : "2023-08-09T01:52:30.000",
      "level" : "wake",
      "seconds" : 30
    },{
      "dateTime" : "2023-08-09T02:09:30.000",
      "level" : "wake",
      "seconds" : 90
    },{
      "dateTime" : "2023-08-09T02:17:00.000",
      "level" : "wake",
      "seconds" : 180
    },{
      "dateTime" : "2023-08-09T02:24:30.000",
      "level" : "wake",
      "seconds" : 90
    },{
      "dateTime" : "2023-08-09T02:33:30.000",
      "level" : "wake",
      "seconds" : 30
    },{
      "dateTime" : "2023-08-09T02:50:30.000",
      "level" : "wake",
      "seconds" : 30
    },{
      "dateTime" : "2023-08-09T03:26:00.000",
      "level" : "wake",
      "seconds" : 90
    },{
      "dateTime" : "2023-08-09T03:49:00.000",
      "level" : "wake",
      "seconds" : 60
    },{
      "dateTime" : "2023-08-09T03:56:00.000",
      "level" : "wake",
      "seconds" : 30
    },{
      "dateTime" : "2023-08-09T04:56:00.000",
      "level" : "wake",
      "seconds" : 30
    },{
      "dateTime" : "2023-08-09T05:11:00.000",
      "level" : "wake",
      "seconds" : 30
    }]
  },
  "mainSleep" : true
},{
  "logId" : 42270176894,
  "dateOfSleep" : "2023-08-02",
  "startTime" : "2023-08-01T22:56:30.000",
  "endTime" : "2023-08-02T07:27:30.000",
  "duration" : 30660000,
  "minutesToFallAsleep" : 0,
  "minutesAsleep" : 438,
  "minutesAwake" : 73,
  "minutesAfterWakeup" : 0,
  "timeInBed" : 511,
  "efficiency" : 89,
  "type" : "stages",
  "infoCode" : 0,
  "logType" : "auto_detected",
  "levels" : {
    "summary" : {
      "deep" : {
        "count" : 6,
        "minutes" : 88,
        "thirtyDayAvgMinutes" : 81
      },
      "wake" : {
        "count" : 36,
        "minutes" : 73,
        "thirtyDayAvgMinutes" : 52
      },
      "light" : {
        "count" : 37,
        "minutes" : 218,
        "thirtyDayAvgMinutes" : 247
      },
      "rem" : {
        "count" : 10,
        "minutes" : 132,
        "thirtyDayAvgMinutes" : 128
      }
    },
    "data" : [{
      "dateTime" : "2023-08-01T22:56:30.000",
      "level" : "light",
      "seconds" : 420
    },{
      "dateTime" : "2023-08-01T23:03:30.000",
      "level" : "deep",
      "seconds" : 2280
    },{
      "dateTime" : "2023-08-01T23:41:30.000",
      "level" : "light",
      "seconds" : 720
    },{
      "dateTime" : "2023-08-01T23:53:30.000",
      "level" : "deep",
      "seconds" : 750
    },{
      "dateTime" : "2023-08-02T00:06:00.000",
      "level" : "rem",
      "seconds" : 360
    },{
      "dateTime" : "2023-08-02T00:12:00.000",
      "level" : "light",
      "seconds" : 960
    },{
      "dateTime" : "2023-08-02T00:28:00.000",
      "level" : "deep",
      "seconds" : 660
    },{
      "dateTime" : "2023-08-02T00:39:00.000",
      "level" : "light",
      "seconds" : 1170
    },{
      "dateTime" : "2023-08-02T00:58:30.000",
      "level" : "deep",
      "seconds" : 360
    },{
      "dateTime" : "2023-08-02T01:04:30.000",
      "level" : "light",
      "seconds" : 450
    },{
      "dateTime" : "2023-08-02T01:12:00.000",
      "level" : "deep",
      "seconds" : 1230
    },{
      "dateTime" : "2023-08-02T01:32:30.000",
      "level" : "light",
      "seconds" : 360
    },{
      "dateTime" : "2023-08-02T01:38:30.000",
      "level" : "rem",
      "seconds" : 1230
    },{
      "dateTime" : "2023-08-02T01:59:00.000",
      "level" : "light",
      "seconds" : 1830
    },{
      "dateTime" : "2023-08-02T02:29:30.000",
      "level" : "rem",
      "seconds" : 2130
    },{
      "dateTime" : "2023-08-02T03:05:00.000",
      "level" : "light",
      "seconds" : 2280
    },{
      "dateTime" : "2023-08-02T03:43:00.000",
      "level" : "wake",
      "seconds" : 360
    },{
      "dateTime" : "2023-08-02T03:49:00.000",
      "level" : "rem",
      "seconds" : 1500
    },{
      "dateTime" : "2023-08-02T04:14:00.000",
      "level" : "wake",
      "seconds" : 1170
    },{
      "dateTime" : "2023-08-02T04:33:30.000",
      "level" : "light",
      "seconds" : 3930
    },{
      "dateTime" : "2023-08-02T05:39:00.000",
      "level" : "rem",
      "seconds" : 630
    },{
      "dateTime" : "2023-08-02T05:49:30.000",
      "level" : "wake",
      "seconds" : 450
    },{
      "dateTime" : "2023-08-02T05:57:00.000",
      "level" : "light",
      "seconds" : 690
    },{
      "dateTime" : "2023-08-02T06:08:30.000",
      "level" : "rem",
      "seconds" : 1530
    },{
      "dateTime" : "2023-08-02T06:34:00.000",
      "level" : "light",
      "seconds" : 120
    },{
      "dateTime" : "2023-08-02T06:36:00.000",
      "level" : "deep",
      "seconds" : 300
    },{
      "dateTime" : "2023-08-02T06:41:00.000",
      "level" : "light",
      "seconds" : 240
    },{
      "dateTime" : "2023-08-02T06:45:00.000",
      "level" : "rem",
      "seconds" : 750
    },{
      "dateTime" : "2023-08-02T06:57:30.000",
      "level" : "light",
      "seconds" : 720
    },{
      "dateTime" : "2023-08-02T07:09:30.000",
      "level" : "wake",
      "seconds" : 240
    },{
      "dateTime" : "2023-08-02T07:13:30.000",
      "level" : "light",
      "seconds" : 360
    },{
      "dateTime" : "2023-08-02T07:19:30.000",
      "level" : "wake",
      "seconds" : 480
    }],
    "shortData" : [{
      "dateTime" : "2023-08-01T22:58:00.000",
      "level" : "wake",
      "seconds" : 60
    },{
      "dateTime" : "2023-08-01T23:40:00.000",
      "level" : "wake",
      "seconds" : 90
    },{
      "dateTime" : "2023-08-01T23:43:00.000",
      "level" : "wake",
      "seconds" : 90
    },{
      "dateTime" : "2023-08-02T00:38:30.000",
      "level" : "wake",
      "seconds" : 30
    },{
      "dateTime" : "2023-08-02T00:44:30.000",
      "level" : "wake",
      "seconds" : 60
    },{
      "dateTime" : "2023-08-02T01:05:30.000",
      "level" : "wake",
      "seconds" : 30
    },{
      "dateTime" : "2023-08-02T01:30:00.000",
      "level" : "wake",
      "seconds" : 150
    },{
      "dateTime" : "2023-08-02T01:50:30.000",
      "level" : "wake",
      "seconds" : 60
    },{
      "dateTime" : "2023-08-02T02:00:30.000",
      "level" : "wake",
      "seconds" : 30
    },{
      "dateTime" : "2023-08-02T02:13:00.000",
      "level" : "wake",
      "seconds" : 60
    },{
      "dateTime" : "2023-08-02T02:15:30.000",
      "level" : "wake",
      "seconds" : 60
    },{
      "dateTime" : "2023-08-02T02:21:30.000",
      "level" : "wake",
      "seconds" : 30
    },{
      "dateTime" : "2023-08-02T02:26:00.000",
      "level" : "wake",
      "seconds" : 60
    },{
      "dateTime" : "2023-08-02T03:03:30.000",
      "level" : "wake",
      "seconds" : 90
    },{
      "dateTime" : "2023-08-02T03:12:30.000",
      "level" : "wake",
      "seconds" : 30
    },{
      "dateTime" : "2023-08-02T03:15:30.000",
      "level" : "wake",
      "seconds" : 30
    },{
      "dateTime" : "2023-08-02T03:19:30.000",
      "level" : "wake",
      "seconds" : 90
    },{
      "dateTime" : "2023-08-02T03:27:30.000",
      "level" : "wake",
      "seconds" : 60
    },{
      "dateTime" : "2023-08-02T04:11:30.000",
      "level" : "wake",
      "seconds" : 60
    },{
      "dateTime" : "2023-08-02T04:37:30.000",
      "level" : "wake",
      "seconds" : 120
    },{
      "dateTime" : "2023-08-02T04:52:00.000",
      "level" : "wake",
      "seconds" : 30
    },{
      "dateTime" : "2023-08-02T05:09:00.000",
      "level" : "wake",
      "seconds" : 30
    },{
      "dateTime" : "2023-08-02T05:11:00.000",
      "level" : "wake",
      "seconds" : 30
    },{
      "dateTime" : "2023-08-02T05:14:30.000",
      "level" : "wake",
      "seconds" : 30
    },{
      "dateTime" : "2023-08-02T05:35:30.000",
      "level" : "wake",
      "seconds" : 60
    },{
      "dateTime" : "2023-08-02T06:03:00.000",
      "level" : "wake",
      "seconds" : 30
    },{
      "dateTime" : "2023-08-02T06:05:30.000",
      "level" : "wake",
      "seconds" : 60
    },{
      "dateTime" : "2023-08-02T06:40:30.000",
      "level" : "wake",
      "seconds" : 30
    },{
      "dateTime" : "2023-08-02T06:56:00.000",
      "level" : "wake",
      "seconds" : 30
    },{
      "dateTime" : "2023-08-02T07:00:00.000",
      "level" : "wake",
      "seconds" : 30
    },{
      "dateTime" : "2023-08-02T07:07:30.000",
      "level" : "wake",
      "seconds" : 30
    }]
  },
  "mainSleep" : true
},{
  "logId" : 42259710789,
  "dateOfSleep" : "2023-08-01",
  "startTime" : "2023-08-01T00:02:30.000",
  "endTime" : "2023-08-01T07:45:00.000",
  "duration" : 27720000,
  "minutesToFallAsleep" : 0,
  "minutesAsleep" : 455,
  "minutesAwake" : 7,
  "minutesAfterWakeup" : 0,
  "timeInBed" : 462,
  "efficiency" : 98,
  "type" : "classic",
  "infoCode" : 1,
  "logType" : "auto_detected",
  "levels" : {
    "summary" : {
      "restless" : {
        "count" : 5,
        "minutes" : 7
      },
      "awake" : {
        "count" : 0,
        "minutes" : 0
      },
      "asleep" : {
        "count" : 0,
        "minutes" : 455
      }
    },
    "data" : [{
      "dateTime" : "2023-08-01T00:02:30.000",
      "level" : "restless",
      "seconds" : 180
    },{
      "dateTime" : "2023-08-01T00:05:30.000",
      "level" : "asleep",
      "seconds" : 60
    },{
      "dateTime" : "2023-08-01T00:06:30.000",
      "level" : "restless",
      "seconds" : 60
    },{
      "dateTime" : "2023-08-01T00:07:30.000",
      "level" : "asleep",
      "seconds" : 1680
    },{
      "dateTime" : "2023-08-01T00:35:30.000",
      "level" : "restless",
      "seconds" : 60
    },{
      "dateTime" : "2023-08-01T00:36:30.000",
      "level" : "asleep",
      "seconds" : 3480
    },{
      "dateTime" : "2023-08-01T01:34:30.000",
      "level" : "restless",
      "seconds" : 60
    },{
      "dateTime" : "2023-08-01T01:35:30.000",
      "level" : "asleep",
      "seconds" : 960
    },{
      "dateTime" : "2023-08-01T01:51:30.000",
      "level" : "restless",
      "seconds" : 60
    },{
      "dateTime" : "2023-08-01T01:52:30.000",
      "level" : "asleep",
      "seconds" : 21120
    }]
  },
  "mainSleep" : true
},{
  "logId" : 42245703972,
  "dateOfSleep" : "2023-07-31",
  "startTime" : "2023-07-31T00:08:00.000",
  "endTime" : "2023-07-31T08:41:00.000",
  "duration" : 30780000,
  "minutesToFallAsleep" : 0,
  "minutesAsleep" : 461,
  "minutesAwake" : 52,
  "minutesAfterWakeup" : 6,
  "timeInBed" : 513,
  "efficiency" : 96,
  "type" : "stages",
  "infoCode" : 0,
  "logType" : "auto_detected",
  "levels" : {
    "summary" : {
      "deep" : {
        "count" : 3,
        "minutes" : 80,
        "thirtyDayAvgMinutes" : 82
      },
      "wake" : {
        "count" : 34,
        "minutes" : 52,
        "thirtyDayAvgMinutes" : 52
      },
      "light" : {
        "count" : 36,
        "minutes" : 242,
        "thirtyDayAvgMinutes" : 249
      },
      "rem" : {
        "count" : 7,
        "minutes" : 139,
        "thirtyDayAvgMinutes" : 123
      }
    },
    "data" : [{
      "dateTime" : "2023-07-31T00:08:00.000",
      "level" : "light",
      "seconds" : 360
    },{
      "dateTime" : "2023-07-31T00:14:00.000",
      "level" : "deep",
      "seconds" : 3210
    },{
      "dateTime" : "2023-07-31T01:07:30.000",
      "level" : "light",
      "seconds" : 6030
    },{
      "dateTime" : "2023-07-31T02:48:00.000",
      "level" : "rem",
      "seconds" : 1650
    },{
      "dateTime" : "2023-07-31T03:15:30.000",
      "level" : "light",
      "seconds" : 120
    },{
      "dateTime" : "2023-07-31T03:17:30.000",
      "level" : "deep",
      "seconds" : 1230
    },{
      "dateTime" : "2023-07-31T03:38:00.000",
      "level" : "light",
      "seconds" : 1650
    },{
      "dateTime" : "2023-07-31T04:05:30.000",
      "level" : "rem",
      "seconds" : 1560
    },{
      "dateTime" : "2023-07-31T04:31:30.000",
      "level" : "wake",
      "seconds" : 330
    },{
      "dateTime" : "2023-07-31T04:37:00.000",
      "level" : "light",
      "seconds" : 270
    },{
      "dateTime" : "2023-07-31T04:41:30.000",
      "level" : "rem",
      "seconds" : 3000
    },{
      "dateTime" : "2023-07-31T05:31:30.000",
      "level" : "light",
      "seconds" : 660
    },{
      "dateTime" : "2023-07-31T05:42:30.000",
      "level" : "rem",
      "seconds" : 360
    },{
      "dateTime" : "2023-07-31T05:48:30.000",
      "level" : "deep",
      "seconds" : 390
    },{
      "dateTime" : "2023-07-31T05:55:00.000",
      "level" : "light",
      "seconds" : 4470
    },{
      "dateTime" : "2023-07-31T07:09:30.000",
      "level" : "rem",
      "seconds" : 1530
    },{
      "dateTime" : "2023-07-31T07:35:00.000",
      "level" : "light",
      "seconds" : 690
    },{
      "dateTime" : "2023-07-31T07:46:30.000",
      "level" : "rem",
      "seconds" : 510
    },{
      "dateTime" : "2023-07-31T07:55:00.000",
      "level" : "light",
      "seconds" : 1770
    },{
      "dateTime" : "2023-07-31T08:24:30.000",
      "level" : "wake",
      "seconds" : 990
    }],
    "shortData" : [{
      "dateTime" : "2023-07-31T01:08:00.000",
      "level" : "wake",
      "seconds" : 60
    },{
      "dateTime" : "2023-07-31T01:12:30.000",
      "level" : "wake",
      "seconds" : 30
    },{
      "dateTime" : "2023-07-31T01:33:00.000",
      "level" : "wake",
      "seconds" : 30
    },{
      "dateTime" : "2023-07-31T01:38:30.000",
      "level" : "wake",
      "seconds" : 60
    },{
      "dateTime" : "2023-07-31T01:56:30.000",
      "level" : "wake",
      "seconds" : 30
    },{
      "dateTime" : "2023-07-31T02:10:30.000",
      "level" : "wake",
      "seconds" : 30
    },{
      "dateTime" : "2023-07-31T02:14:00.000",
      "level" : "wake",
      "seconds" : 30
    },{
      "dateTime" : "2023-07-31T02:18:30.000",
      "level" : "wake",
      "seconds" : 30
    },{
      "dateTime" : "2023-07-31T02:30:30.000",
      "level" : "wake",
      "seconds" : 60
    },{
      "dateTime" : "2023-07-31T03:37:00.000",
      "level" : "wake",
      "seconds" : 60
    },{
      "dateTime" : "2023-07-31T03:40:00.000",
      "level" : "wake",
      "seconds" : 150
    },{
      "dateTime" : "2023-07-31T03:48:00.000",
      "level" : "wake",
      "seconds" : 60
    },{
      "dateTime" : "2023-07-31T03:50:30.000",
      "level" : "wake",
      "seconds" : 30
    },{
      "dateTime" : "2023-07-31T04:01:00.000",
      "level" : "wake",
      "seconds" : 30
    },{
      "dateTime" : "2023-07-31T05:29:30.000",
      "level" : "wake",
      "seconds" : 120
    },{
      "dateTime" : "2023-07-31T05:55:00.000",
      "level" : "wake",
      "seconds" : 60
    },{
      "dateTime" : "2023-07-31T06:05:30.000",
      "level" : "wake",
      "seconds" : 30
    },{
      "dateTime" : "2023-07-31T06:13:30.000",
      "level" : "wake",
      "seconds" : 30
    },{
      "dateTime" : "2023-07-31T06:15:30.000",
      "level" : "wake",
      "seconds" : 60
    },{
      "dateTime" : "2023-07-31T06:19:30.000",
      "level" : "wake",
      "seconds" : 30
    },{
      "dateTime" : "2023-07-31T06:27:00.000",
      "level" : "wake",
      "seconds" : 30
    },{
      "dateTime" : "2023-07-31T06:35:00.000",
      "level" : "wake",
      "seconds" : 60
    },{
      "dateTime" : "2023-07-31T06:51:30.000",
      "level" : "wake",
      "seconds" : 30
    },{
      "dateTime" : "2023-07-31T07:02:30.000",
      "level" : "wake",
      "seconds" : 30
    },{
      "dateTime" : "2023-07-31T07:04:30.000",
      "level" : "wake",
      "seconds" : 150
    },{
      "dateTime" : "2023-07-31T07:23:00.000",
      "level" : "wake",
      "seconds" : 30
    },{
      "dateTime" : "2023-07-31T07:39:00.000",
      "level" : "wake",
      "seconds" : 30
    },{
      "dateTime" : "2023-07-31T07:53:00.000",
      "level" : "wake",
      "seconds" : 120
    },{
      "dateTime" : "2023-07-31T07:57:00.000",
      "level" : "wake",
      "seconds" : 60
    },{
      "dateTime" : "2023-07-31T08:01:00.000",
      "level" : "wake",
      "seconds" : 90
    },{
      "dateTime" : "2023-07-31T08:05:00.000",
      "level" : "wake",
      "seconds" : 120
    },{
      "dateTime" : "2023-07-31T08:09:00.000",
      "level" : "wake",
      "seconds" : 60
    }]
  },
  "mainSleep" : true
},{
  "logId" : 42233069401,
  "dateOfSleep" : "2023-07-30",
  "startTime" : "2023-07-30T00:26:00.000",
  "endTime" : "2023-07-30T08:40:30.000",
  "duration" : 29640000,
  "minutesToFallAsleep" : 0,
  "minutesAsleep" : 444,
  "minutesAwake" : 50,
  "minutesAfterWakeup" : 0,
  "timeInBed" : 494,
  "efficiency" : 94,
  "type" : "stages",
  "infoCode" : 0,
  "logType" : "auto_detected",
  "levels" : {
    "summary" : {
      "deep" : {
        "count" : 4,
        "minutes" : 88,
        "thirtyDayAvgMinutes" : 75
      },
      "wake" : {
        "count" : 31,
        "minutes" : 50,
        "thirtyDayAvgMinutes" : 54
      },
      "light" : {
        "count" : 31,
        "minutes" : 251,
        "thirtyDayAvgMinutes" : 247
      },
      "rem" : {
        "count" : 10,
        "minutes" : 105,
        "thirtyDayAvgMinutes" : 140
      }
    },
    "data" : [{
      "dateTime" : "2023-07-30T00:26:00.000",
      "level" : "wake",
      "seconds" : 30
    },{
      "dateTime" : "2023-07-30T00:26:30.000",
      "level" : "deep",
      "seconds" : 3960
    },{
      "dateTime" : "2023-07-30T01:32:30.000",
      "level" : "light",
      "seconds" : 960
    },{
      "dateTime" : "2023-07-30T01:48:30.000",
      "level" : "wake",
      "seconds" : 330
    },{
      "dateTime" : "2023-07-30T01:54:00.000",
      "level" : "light",
      "seconds" : 4350
    },{
      "dateTime" : "2023-07-30T03:06:30.000",
      "level" : "deep",
      "seconds" : 360
    },{
      "dateTime" : "2023-07-30T03:12:30.000",
      "level" : "light",
      "seconds" : 240
    },{
      "dateTime" : "2023-07-30T03:16:30.000",
      "level" : "rem",
      "seconds" : 2280
    },{
      "dateTime" : "2023-07-30T03:54:30.000",
      "level" : "light",
      "seconds" : 3510
    },{
      "dateTime" : "2023-07-30T04:53:00.000",
      "level" : "deep",
      "seconds" : 480
    },{
      "dateTime" : "2023-07-30T05:01:00.000",
      "level" : "light",
      "seconds" : 1110
    },{
      "dateTime" : "2023-07-30T05:19:30.000",
      "level" : "rem",
      "seconds" : 300
    },{
      "dateTime" : "2023-07-30T05:24:30.000",
      "level" : "light",
      "seconds" : 540
    },{
      "dateTime" : "2023-07-30T05:33:30.000",
      "level" : "rem",
      "seconds" : 360
    },{
      "dateTime" : "2023-07-30T05:39:30.000",
      "level" : "light",
      "seconds" : 570
    },{
      "dateTime" : "2023-07-30T05:49:00.000",
      "level" : "rem",
      "seconds" : 270
    },{
      "dateTime" : "2023-07-30T05:53:30.000",
      "level" : "wake",
      "seconds" : 300
    },{
      "dateTime" : "2023-07-30T05:58:30.000",
      "level" : "light",
      "seconds" : 60
    },{
      "dateTime" : "2023-07-30T05:59:30.000",
      "level" : "rem",
      "seconds" : 450
    },{
      "dateTime" : "2023-07-30T06:07:00.000",
      "level" : "light",
      "seconds" : 2880
    },{
      "dateTime" : "2023-07-30T06:55:00.000",
      "level" : "rem",
      "seconds" : 1560
    },{
      "dateTime" : "2023-07-30T07:21:00.000",
      "level" : "wake",
      "seconds" : 420
    },{
      "dateTime" : "2023-07-30T07:28:00.000",
      "level" : "light",
      "seconds" : 270
    },{
      "dateTime" : "2023-07-30T07:32:30.000",
      "level" : "rem",
      "seconds" : 300
    },{
      "dateTime" : "2023-07-30T07:37:30.000",
      "level" : "light",
      "seconds" : 1710
    },{
      "dateTime" : "2023-07-30T08:06:00.000",
      "level" : "deep",
      "seconds" : 840
    },{
      "dateTime" : "2023-07-30T08:20:00.000",
      "level" : "light",
      "seconds" : 180
    },{
      "dateTime" : "2023-07-30T08:23:00.000",
      "level" : "rem",
      "seconds" : 1050
    }],
    "shortData" : [{
      "dateTime" : "2023-07-30T00:26:00.000",
      "level" : "wake",
      "seconds" : 180
    },{
      "dateTime" : "2023-07-30T01:32:00.000",
      "level" : "wake",
      "seconds" : 30
    },{
      "dateTime" : "2023-07-30T01:35:00.000",
      "level" : "wake",
      "seconds" : 90
    },{
      "dateTime" : "2023-07-30T01:43:30.000",
      "level" : "wake",
      "seconds" : 60
    },{
      "dateTime" : "2023-07-30T01:58:30.000",
      "level" : "wake",
      "seconds" : 30
    },{
      "dateTime" : "2023-07-30T02:36:30.000",
      "level" : "wake",
      "seconds" : 30
    },{
      "dateTime" : "2023-07-30T03:11:30.000",
      "level" : "wake",
      "seconds" : 60
    },{
      "dateTime" : "2023-07-30T03:31:30.000",
      "level" : "wake",
      "seconds" : 60
    },{
      "dateTime" : "2023-07-30T03:57:00.000",
      "level" : "wake",
      "seconds" : 60
    },{
      "dateTime" : "2023-07-30T04:00:00.000",
      "level" : "wake",
      "seconds" : 120
    },{
      "dateTime" : "2023-07-30T04:05:00.000",
      "level" : "wake",
      "seconds" : 30
    },{
      "dateTime" : "2023-07-30T04:23:00.000",
      "level" : "wake",
      "seconds" : 60
    },{
      "dateTime" : "2023-07-30T04:28:30.000",
      "level" : "wake",
      "seconds" : 60
    },{
      "dateTime" : "2023-07-30T05:00:30.000",
      "level" : "wake",
      "seconds" : 30
    },{
      "dateTime" : "2023-07-30T05:04:00.000",
      "level" : "wake",
      "seconds" : 30
    },{
      "dateTime" : "2023-07-30T05:14:30.000",
      "level" : "wake",
      "seconds" : 90
    },{
      "dateTime" : "2023-07-30T05:28:30.000",
      "level" : "wake",
      "seconds" : 90
    },{
      "dateTime" : "2023-07-30T05:31:30.000",
      "level" : "wake",
      "seconds" : 120
    },{
      "dateTime" : "2023-07-30T05:40:00.000",
      "level" : "wake",
      "seconds" : 150
    },{
      "dateTime" : "2023-07-30T06:04:00.000",
      "level" : "wake",
      "seconds" : 180
    },{
      "dateTime" : "2023-07-30T06:10:00.000",
      "level" : "wake",
      "seconds" : 30
    },{
      "dateTime" : "2023-07-30T06:21:30.000",
      "level" : "wake",
      "seconds" : 30
    },{
      "dateTime" : "2023-07-30T06:34:30.000",
      "level" : "wake",
      "seconds" : 60
    },{
      "dateTime" : "2023-07-30T06:41:00.000",
      "level" : "wake",
      "seconds" : 60
    },{
      "dateTime" : "2023-07-30T06:49:30.000",
      "level" : "wake",
      "seconds" : 60
    },{
      "dateTime" : "2023-07-30T07:46:00.000",
      "level" : "wake",
      "seconds" : 60
    },{
      "dateTime" : "2023-07-30T08:19:00.000",
      "level" : "wake",
      "seconds" : 60
    },{
      "dateTime" : "2023-07-30T08:28:00.000",
      "level" : "wake",
      "seconds" : 30
    }]
  },
  "mainSleep" : true
},{
  "logId" : 42222623523,
  "dateOfSleep" : "2023-07-29",
  "startTime" : "2023-07-28T23:58:00.000",
  "endTime" : "2023-07-29T08:34:30.000",
  "duration" : 30960000,
  "minutesToFallAsleep" : 0,
  "minutesAsleep" : 462,
  "minutesAwake" : 54,
  "minutesAfterWakeup" : 0,
  "timeInBed" : 516,
  "efficiency" : 94,
  "type" : "stages",
  "infoCode" : 0,
  "logType" : "auto_detected",
  "levels" : {
    "summary" : {
      "deep" : {
        "count" : 3,
        "minutes" : 75,
        "thirtyDayAvgMinutes" : 0
      },
      "wake" : {
        "count" : 39,
        "minutes" : 54,
        "thirtyDayAvgMinutes" : 0
      },
      "light" : {
        "count" : 37,
        "minutes" : 247,
        "thirtyDayAvgMinutes" : 0
      },
      "rem" : {
        "count" : 11,
        "minutes" : 140,
        "thirtyDayAvgMinutes" : 0
      }
    },
    "data" : [{
      "dateTime" : "2023-07-28T23:58:00.000",
      "level" : "wake",
      "seconds" : 30
    },{
      "dateTime" : "2023-07-28T23:58:30.000",
      "level" : "light",
      "seconds" : 450
    },{
      "dateTime" : "2023-07-29T00:06:00.000",
      "level" : "deep",
      "seconds" : 1590
    },{
      "dateTime" : "2023-07-29T00:32:30.000",
      "level" : "light",
      "seconds" : 2460
    },{
      "dateTime" : "2023-07-29T01:13:30.000",
      "level" : "deep",
      "seconds" : 2640
    },{
      "dateTime" : "2023-07-29T01:57:30.000",
      "level" : "light",
      "seconds" : 1380
    },{
      "dateTime" : "2023-07-29T02:20:30.000",
      "level" : "rem",
      "seconds" : 1380
    },{
      "dateTime" : "2023-07-29T02:43:30.000",
      "level" : "light",
      "seconds" : 1890
    },{
      "dateTime" : "2023-07-29T03:15:00.000",
      "level" : "deep",
      "seconds" : 360
    },{
      "dateTime" : "2023-07-29T03:21:00.000",
      "level" : "light",
      "seconds" : 1860
    },{
      "dateTime" : "2023-07-29T03:52:00.000",
      "level" : "rem",
      "seconds" : 1500
    },{
      "dateTime" : "2023-07-29T04:17:00.000",
      "level" : "light",
      "seconds" : 240
    },{
      "dateTime" : "2023-07-29T04:21:00.000",
      "level" : "rem",
      "seconds" : 300
    },{
      "dateTime" : "2023-07-29T04:26:00.000",
      "level" : "light",
      "seconds" : 570
    },{
      "dateTime" : "2023-07-29T04:35:30.000",
      "level" : "wake",
      "seconds" : 480
    },{
      "dateTime" : "2023-07-29T04:43:30.000",
      "level" : "light",
      "seconds" : 3480
    },{
      "dateTime" : "2023-07-29T05:41:30.000",
      "level" : "rem",
      "seconds" : 1650
    },{
      "dateTime" : "2023-07-29T06:09:00.000",
      "level" : "light",
      "seconds" : 1080
    },{
      "dateTime" : "2023-07-29T06:27:00.000",
      "level" : "wake",
      "seconds" : 240
    },{
      "dateTime" : "2023-07-29T06:31:00.000",
      "level" : "light",
      "seconds" : 690
    },{
      "dateTime" : "2023-07-29T06:42:30.000",
      "level" : "wake",
      "seconds" : 210
    },{
      "dateTime" : "2023-07-29T06:46:00.000",
      "level" : "light",
      "seconds" : 1890
    },{
      "dateTime" : "2023-07-29T07:17:30.000",
      "level" : "rem",
      "seconds" : 2250
    },{
      "dateTime" : "2023-07-29T07:55:00.000",
      "level" : "light",
      "seconds" : 330
    },{
      "dateTime" : "2023-07-29T08:00:30.000",
      "level" : "rem",
      "seconds" : 1650
    },{
      "dateTime" : "2023-07-29T08:28:00.000",
      "level" : "wake",
      "seconds" : 390
    }],
    "shortData" : [{
      "dateTime" : "2023-07-28T23:58:00.000",
      "level" : "wake",
      "seconds" : 120
    },{
      "dateTime" : "2023-07-29T00:03:00.000",
      "level" : "wake",
      "seconds" : 60
    },{
      "dateTime" : "2023-07-29T00:32:00.000",
      "level" : "wake",
      "seconds" : 30
    },{
      "dateTime" : "2023-07-29T00:36:00.000",
      "level" : "wake",
      "seconds" : 60
    },{
      "dateTime" : "2023-07-29T00:44:00.000",
      "level" : "wake",
      "seconds" : 90
    },{
      "dateTime" : "2023-07-29T00:48:30.000",
      "level" : "wake",
      "seconds" : 30
    },{
      "dateTime" : "2023-07-29T00:56:30.000",
      "level" : "wake",
      "seconds" : 30
    },{
      "dateTime" : "2023-07-29T00:59:30.000",
      "level" : "wake",
      "seconds" : 120
    },{
      "dateTime" : "2023-07-29T01:08:00.000",
      "level" : "wake",
      "seconds" : 30
    },{
      "dateTime" : "2023-07-29T01:56:30.000",
      "level" : "wake",
      "seconds" : 60
    },{
      "dateTime" : "2023-07-29T02:11:00.000",
      "level" : "wake",
      "seconds" : 30
    },{
      "dateTime" : "2023-07-29T02:18:00.000",
      "level" : "wake",
      "seconds" : 30
    },{
      "dateTime" : "2023-07-29T03:01:00.000",
      "level" : "wake",
      "seconds" : 60
    },{
      "dateTime" : "2023-07-29T03:21:00.000",
      "level" : "wake",
      "seconds" : 30
    },{
      "dateTime" : "2023-07-29T03:35:30.000",
      "level" : "wake",
      "seconds" : 90
    },{
      "dateTime" : "2023-07-29T03:50:30.000",
      "level" : "wake",
      "seconds" : 30
    },{
      "dateTime" : "2023-07-29T04:04:00.000",
      "level" : "wake",
      "seconds" : 30
    },{
      "dateTime" : "2023-07-29T04:10:30.000",
      "level" : "wake",
      "seconds" : 30
    },{
      "dateTime" : "2023-07-29T04:15:30.000",
      "level" : "wake",
      "seconds" : 90
    },{
      "dateTime" : "2023-07-29T04:45:30.000",
      "level" : "wake",
      "seconds" : 30
    },{
      "dateTime" : "2023-07-29T04:49:30.000",
      "level" : "wake",
      "seconds" : 60
    },{
      "dateTime" : "2023-07-29T05:07:30.000",
      "level" : "wake",
      "seconds" : 30
    },{
      "dateTime" : "2023-07-29T05:21:00.000",
      "level" : "wake",
      "seconds" : 30
    },{
      "dateTime" : "2023-07-29T05:56:30.000",
      "level" : "wake",
      "seconds" : 60
    },{
      "dateTime" : "2023-07-29T06:10:30.000",
      "level" : "wake",
      "seconds" : 30
    },{
      "dateTime" : "2023-07-29T06:14:00.000",
      "level" : "wake",
      "seconds" : 60
    },{
      "dateTime" : "2023-07-29T06:19:30.000",
      "level" : "wake",
      "seconds" : 30
    },{
      "dateTime" : "2023-07-29T06:22:30.000",
      "level" : "wake",
      "seconds" : 150
    },{
      "dateTime" : "2023-07-29T07:02:00.000",
      "level" : "wake",
      "seconds" : 60
    },{
      "dateTime" : "2023-07-29T07:07:00.000",
      "level" : "wake",
      "seconds" : 90
    },{
      "dateTime" : "2023-07-29T07:11:00.000",
      "level" : "wake",
      "seconds" : 60
    },{
      "dateTime" : "2023-07-29T07:14:00.000",
      "level" : "wake",
      "seconds" : 30
    },{
      "dateTime" : "2023-07-29T07:28:00.000",
      "level" : "wake",
      "seconds" : 30
    },{
      "dateTime" : "2023-07-29T07:45:30.000",
      "level" : "wake",
      "seconds" : 60
    },{
      "dateTime" : "2023-07-29T07:59:00.000",
      "level" : "wake",
      "seconds" : 60
    }]
  },
  "mainSleep" : true
}]